time,distance,altitude,velocity_smooth,heartrate,grade_smooth,alt_difference,rolling_ave_alt
0,0.0,771.1,0.0,59,-1.4,0.0,-0.0400000000000091
1,0.0,771.1,0.0,59,-2.0,0.0,-0.0400000000000091
6,6.9,771.0,1.153,66,-1.6,-0.10000000000002274,-0.0400000000000091
7,10.1,770.9,1.688,69,-1.2,-0.10000000000002274,-0.0400000000000091
8,12.9,770.9,1.843,72,-1.3,0.0,-0.0400000000000091
9,16.3,770.9,2.031,75,-0.6,0.0,-0.0400000000000091
11,21.9,770.8,3.0,74,-0.9,-0.10000000000002274,-0.06000000000001364
13,28.2,770.8,3.066,80,-0.8,0.0,-0.0400000000000091
15,35.0,770.7,3.122,83,-0.4,-0.09999999999990905,-0.03999999999998636
17,40.7,770.7,3.137,86,-0.5,0.0,-0.03999999999998636
19,47.1,770.7,3.152,89,0.3,0.0,-0.03999999999998636
20,50.1,770.7,3.016,93,0.7,0.0,-0.01999999999998181
25,65.2,770.8,3.003,96,0.6,0.09999999999990905,0.0
26,68.2,770.9,3.018,97,0.2,0.10000000000002274,0.03999999999998636
31,82.8,770.9,2.947,101,-0.2,0.0,0.03999999999998636
34,92.2,770.8,3.005,104,-0.5,-0.10000000000002274,0.01999999999998181
39,108.0,770.7,3.145,107,-0.7,-0.09999999999990905,0.0
40,111.3,770.7,3.177,107,-0.6,0.0,-0.01999999999998181
44,124.3,770.6,3.264,110,-0.5,-0.10000000000002274,-0.05999999999999091
45,127.5,770.6,3.244,110,-0.7,0.0,-0.05999999999999091
51,148.4,770.5,3.437,112,-0.9,-0.10000000000002274,-0.05999999999999091
53,155.1,770.4,3.451,112,-1.0,-0.10000000000002274,-0.06000000000001364
60,177.7,770.1,3.256,115,-1.2,-0.2999999999999545,-0.12000000000000455
65,196.7,769.9,3.465,117,-1.1,-0.20000000000004547,-0.1400000000000091
68,208.8,769.8,3.889,121,-0.9,-0.10000000000002274,-0.16000000000001363
74,231.0,769.6,3.812,122,-0.8,-0.1999999999999318,-0.17999999999999544
75,234.4,769.6,3.666,122,-0.9,0.0,-0.1599999999999909
82,258.8,769.4,3.47,125,-0.8,-0.20000000000004547,-0.1400000000000091
84,265.3,769.3,3.424,126,-0.9,-0.10000000000002274,-0.12000000000000455
88,278.4,769.2,3.278,129,-0.9,-0.09999999999990905,-0.11999999999998182
94,298.9,769.0,3.361,130,-0.7,-0.20000000000004547,-0.12000000000000455
96,304.8,769.0,3.302,131,-0.7,0.0,-0.12000000000000455
103,326.8,768.9,3.098,130,-0.5,-0.10000000000002274,-0.1
105,333.3,768.8,3.157,127,-0.6,-0.10000000000002274,-0.1
106,335.9,768.8,3.107,126,-0.7,0.0,-0.0800000000000182
112,356.1,768.7,3.261,125,-0.5,-0.09999999999990905,-0.05999999999999091
116,370.2,768.6,3.432,128,-0.5,-0.10000000000002274,-0.07999999999999545
123,392.9,768.5,3.347,128,-0.5,-0.10000000000002274,-0.07999999999999545
129,413.5,768.4,3.33,128,-0.4,-0.10000000000002274,-0.07999999999999545
136,436.2,768.3,3.334,130,-0.5,-0.10000000000002274,-0.1
139,446.1,768.3,3.256,130,-0.6,0.0,-0.0800000000000182
145,467.3,768.1,3.449,130,-0.8,-0.1999999999999318,-0.1
149,478.4,768.0,3.228,132,-0.9,-0.10000000000002274,-0.1
155,500.3,767.8,3.303,133,-0.9,-0.20000000000004547,-0.12000000000000455
158,511.4,767.7,3.672,136,-0.8,-0.09999999999990905,-0.11999999999998182
165,532.6,767.5,3.23,136,-0.8,-0.20000000000004547,-0.1599999999999909
167,540.7,767.5,3.249,135,-0.7,0.0,-0.12000000000000455
174,561.8,767.3,3.246,138,-1.0,-0.20000000000004547,-0.1400000000000091
175,564.8,767.3,3.021,137,-1.3,0.0,-0.1
180,581.5,767.0,3.272,140,-1.3,-0.2999999999999545,-0.1400000000000091
184,594.7,766.8,3.324,138,-1.1,-0.20000000000004547,-0.1400000000000091
188,608.2,766.7,3.346,134,-0.7,-0.09999999999990905,-0.1599999999999909
194,629.3,766.6,3.459,132,-0.3,-0.10000000000002274,-0.13999999999998636
197,639.2,766.6,3.438,132,-0.1,0.0,-0.13999999999998636
204,662.1,766.6,3.274,133,0.0,0.0,-0.07999999999999545
208,674.9,766.6,3.252,133,0.0,0.0,-0.03999999999998636
215,696.0,766.6,3.085,133,0.0,0.0,-0.02000000000000455
217,702.9,766.6,3.112,133,0.3,0.0,0.0
221,717.5,766.6,3.583,136,0.6,0.0,0.0
227,736.0,766.8,3.305,136,0.8,0.1999999999999318,0.03999999999998636
234,758.8,767.0,3.172,136,0.9,0.20000000000004547,0.07999999999999545
236,765.7,767.1,3.298,136,0.7,0.10000000000002274,0.1
242,787.8,767.2,3.625,136,0.4,0.10000000000002274,0.12000000000000455
247,804.4,767.3,3.519,136,0.3,0.09999999999990905,0.13999999999998636
253,826.0,767.3,3.474,136,0.2,0.0,0.1
257,837.9,767.3,3.351,133,0.0,0.0,0.05999999999999091
259,844.8,767.3,3.142,133,-0.2,0.0,0.03999999999998636
265,865.1,767.3,3.404,132,-0.2,0.0,0.01999999999998181
267,871.5,767.2,3.338,135,-0.5,-0.09999999999990905,-0.01999999999998181
270,880.7,767.2,3.106,136,-1.1,0.0,-0.01999999999998181
276,900.7,767.0,3.239,135,-0.8,-0.20000000000004547,-0.05999999999999091
280,912.4,766.8,3.174,134,-1.0,-0.20000000000004547,-0.1
287,933.3,766.7,2.97,135,-1.0,-0.09999999999990905,-0.11999999999998182
290,943.2,766.6,3.079,136,-1.0,-0.10000000000002274,-0.12000000000000455
293,953.0,766.5,3.273,133,-1.3,-0.10000000000002274,-0.1400000000000091
300,975.3,766.2,3.21,132,-1.3,-0.2999999999999545,-0.1599999999999909
306,995.4,765.9,3.265,130,-1.5,-0.3000000000000682,-0.17999999999999544
309,1004.4,765.8,3.233,132,-1.5,-0.10000000000002274,-0.1800000000000182
316,1027.2,765.4,3.178,132,-1.3,-0.39999999999997726,-0.2400000000000091
318,1033.9,765.3,3.28,132,-1.2,-0.10000000000002274,-0.2400000000000091
325,1055.6,765.1,3.152,130,-0.7,-0.1999999999999318,-0.22000000000000455
327,1062.2,765.1,3.14,131,-0.6,0.0,-0.1599999999999909
334,1084.3,765.0,3.198,133,-0.4,-0.10000000000002274,-0.1599999999999909
335,1087.9,765.0,3.216,133,-0.4,0.0,-0.07999999999999545
342,1110.8,764.9,3.3,132,-0.2,-0.10000000000002274,-0.07999999999999545
343,1114.2,764.9,3.292,132,-0.2,0.0,-0.0400000000000091
350,1135.5,764.9,3.089,131,0.0,0.0,-0.0400000000000091
356,1154.5,764.9,3.096,131,0.0,0.0,-0.02000000000000455
363,1176.2,764.9,3.133,131,0.0,0.0,-0.02000000000000455
366,1185.2,764.9,3.073,131,0.3,0.0,0.0
372,1205.6,764.9,3.27,132,0.5,0.0,0.0
377,1222.3,765.1,3.372,135,0.7,0.20000000000004547,0.0400000000000091
381,1235.1,765.2,3.271,138,1.2,0.10000000000002274,0.06000000000001364
384,1245.2,765.3,3.276,139,1.3,0.09999999999990905,0.07999999999999545
388,1257.4,765.5,3.193,142,1.5,0.20000000000004547,0.12000000000000455
394,1277.1,765.8,3.184,144,1.6,0.2999999999999545,0.17999999999999544
398,1290.1,766.0,3.265,147,1.1,0.20000000000004547,0.17999999999999544
403,1306.2,766.3,3.241,149,0.9,0.2999999999999545,0.21999999999998182
410,1328.7,766.3,3.218,150,0.4,0.0,0.2
412,1335.3,766.3,3.23,148,-0.2,0.0,0.1599999999999909
415,1345.1,766.2,3.282,144,-0.3,-0.09999999999990905,0.0800000000000182
418,1354.8,766.2,3.252,147,-0.5,0.0,0.0400000000000091
420,1361.3,766.2,3.244,146,-0.3,0.0,-0.01999999999998181
424,1374.2,766.1,3.225,143,-0.6,-0.10000000000002274,-0.03999999999998636
426,1380.6,766.1,3.218,146,-0.7,0.0,-0.03999999999998636
428,1387.0,766.0,3.212,143,-0.8,-0.10000000000002274,-0.0400000000000091
433,1403.6,765.9,3.284,140,-0.9,-0.10000000000002274,-0.06000000000001364
439,1423.5,765.7,3.318,139,-0.8,-0.1999999999999318,-0.1
446,1446.3,765.5,3.282,140,-0.9,-0.20000000000004547,-0.12000000000000455
447,1449.5,765.5,3.249,142,-1.1,0.0,-0.12000000000000455
454,1472.8,765.3,3.309,139,-1.6,-0.20000000000004547,-0.1400000000000091
456,1478.7,765.1,3.247,139,-1.8,-0.1999999999999318,-0.1599999999999909
461,1496.2,764.7,3.354,138,-2.1,-0.39999999999997726,-0.2
467,1517.5,764.3,3.524,138,-1.9,-0.40000000000009095,-0.2400000000000091
469,1524.1,764.2,3.478,139,-1.6,-0.09999999999990905,-0.2599999999999909
475,1543.5,763.9,3.251,136,-1.5,-0.3000000000000682,-0.2799999999999955
478,1554.1,763.8,3.334,136,-1.6,-0.10000000000002274,-0.26000000000001366
479,1557.0,763.7,3.299,133,-1.5,-0.09999999999990905,-0.2
482,1567.1,763.5,3.379,130,-1.5,-0.20000000000004547,-0.1599999999999909
487,1584.6,763.3,3.447,129,-1.5,-0.20000000000004547,-0.1800000000000182
494,1606.8,763.0,3.306,130,-1.2,-0.2999999999999545,-0.17999999999999544
495,1609.9,762.9,3.164,129,-1.2,-0.10000000000002274,-0.17999999999999544
502,1632.3,762.7,3.186,130,-0.8,-0.1999999999999318,-0.2
503,1635.2,762.7,3.152,130,-0.6,0.0,-0.1599999999999909
510,1656.7,762.6,3.048,128,-0.3,-0.10000000000002274,-0.13999999999998636
511,1659.4,762.6,3.029,128,0.2,0.0,-0.07999999999999545
515,1671.2,762.6,2.894,128,0.9,0.0,-0.05999999999999091
522,1692.8,762.8,3.038,126,1.1,0.1999999999999318,0.01999999999998181
524,1699.0,763.0,3.091,129,1.8,0.20000000000004547,0.05999999999999091
528,1711.9,763.2,3.187,129,2.2,0.20000000000004547,0.12000000000000455
535,1732.9,763.7,3.086,129,2.1,0.5,0.22000000000000455
538,1742.1,763.9,3.017,133,1.9,0.1999999999999318,0.2599999999999909
542,1755.3,764.2,3.203,132,0.6,0.3000000000000682,0.2800000000000182
543,1758.9,764.1,3.36,135,-1.3,-0.10000000000002274,0.22000000000000455
545,1765.7,763.9,3.373,135,-2.7,-0.20000000000004547,0.13999999999998636
551,1788.4,763.3,3.689,133,-2.4,-0.6000000000000227,-0.0800000000000182
552,1791.9,763.2,3.747,134,-2.0,-0.09999999999990905,-0.13999999999998636
558,1813.0,762.8,3.516,136,-1.7,-0.40000000000009095,-0.2800000000000182
564,1834.2,762.5,3.522,138,-1.4,-0.2999999999999545,-0.32000000000000456
570,1854.9,762.2,3.491,140,-1.1,-0.2999999999999545,-0.33999999999998637
574,1869.4,762.1,3.516,140,-0.9,-0.10000000000002274,-0.23999999999998636
581,1892.2,761.9,3.394,138,-0.9,-0.20000000000004547,-0.26000000000001366
584,1901.8,761.9,3.243,138,-0.9,0.0,-0.17999999999999544
590,1921.8,761.6,3.29,138,-1.0,-0.2999999999999545,-0.17999999999999544
593,1932.7,761.5,3.436,137,-1.3,-0.10000000000002274,-0.1400000000000091
596,1940.8,761.4,3.162,139,-1.0,-0.10000000000002274,-0.1400000000000091
605,1941.2,761.4,0.711,139,-2.7,0.0,-0.1
606,1942.5,761.4,0.173,141,-3.9,0.0,-0.1
610,1951.3,761.0,2.008,140,-2.8,-0.39999999999997726,-0.12000000000000455
611,1953.7,760.9,2.232,137,-2.6,-0.10000000000002274,-0.12000000000000455
614,1962.5,760.8,2.496,132,0.0,-0.10000000000002274,-0.12000000000000455
615,1965.9,760.8,2.928,134,0.6,0.0,-0.12000000000000455
619,1979.3,761.0,3.366,131,1.1,0.20000000000004547,-0.07999999999999545
621,1985.6,761.1,3.287,128,0.7,0.10000000000002274,0.02000000000000455
622,1988.7,761.1,3.257,127,0.2,0.0,0.0400000000000091
628,2009.4,761.1,3.397,124,-0.2,0.0,0.06000000000001364
632,2023.3,761.1,3.456,126,-0.3,0.0,0.06000000000001364
638,2041.2,761.0,3.175,127,-0.4,-0.10000000000002274,0.0
642,2054.7,760.9,3.143,131,-0.6,-0.10000000000002274,-0.0400000000000091
644,2062.0,760.9,3.473,128,-0.9,0.0,-0.0400000000000091
647,2072.1,760.8,3.48,130,-1.0,-0.10000000000002274,-0.06000000000001364
654,2095.4,760.5,3.334,129,-0.6,-0.2999999999999545,-0.12000000000000455
659,2112.4,760.3,3.356,129,-0.3,-0.20000000000004547,-0.1400000000000091
665,2133.0,760.5,3.419,129,0.0,0.20000000000004547,-0.07999999999999545
669,2147.5,760.6,3.512,131,0.2,0.10000000000002274,-0.05999999999999091
675,2167.5,760.5,3.454,133,-0.3,-0.10000000000002274,-0.05999999999999091
677,2173.8,760.4,3.291,131,-0.2,-0.10000000000002274,-0.02000000000000455
683,2194.5,760.3,3.376,131,-0.2,-0.10000000000002274,0.0
687,2206.4,760.5,3.26,132,-0.1,0.20000000000004547,0.0
694,2228.7,760.4,3.107,130,-0.2,-0.10000000000002274,-0.0400000000000091
701,2251.1,760.3,3.187,132,-0.9,-0.10000000000002274,-0.0400000000000091
702,2254.4,760.2,3.217,131,-2.0,-0.09999999999990905,-0.03999999999998636
704,2262.3,760.0,3.359,134,-3.1,-0.20000000000004547,-0.05999999999999091
711,2284.0,759.3,3.287,136,-3.3,-0.7000000000000455,-0.2400000000000091
712,2286.1,759.2,2.982,135,-3.3,-0.09999999999990905,-0.23999999999998636
718,2306.3,758.5,3.184,135,-3.1,-0.7000000000000455,-0.3599999999999909
720,2314.0,758.3,3.48,138,-2.2,-0.20000000000004547,-0.3800000000000182
722,2320.1,758.2,3.392,141,-1.6,-0.09999999999990905,-0.3599999999999909
728,2340.2,758.0,3.274,142,-1.2,-0.20000000000004547,-0.2599999999999909
729,2343.3,757.9,3.32,145,-1.2,-0.10000000000002274,-0.26000000000001366
735,2363.5,757.7,3.336,147,-1.6,-0.1999999999999318,-0.1599999999999909
739,2377.5,757.5,3.421,147,-1.4,-0.20000000000004547,-0.1599999999999909
743,2391.3,757.2,3.478,144,-1.8,-0.2999999999999545,-0.2
748,2409.0,757.0,3.501,142,-2.0,-0.20000000000004547,-0.2
755,2431.4,756.5,3.342,141,-1.7,-0.5,-0.2799999999999955
759,2443.8,756.2,3.161,140,-1.8,-0.2999999999999545,-0.3
766,2466.4,755.9,3.175,139,-1.5,-0.3000000000000682,-0.32000000000000456
767,2470.7,755.9,3.366,140,-1.1,0.0,-0.26000000000001366
769,2477.7,755.8,3.393,137,-1.2,-0.10000000000002274,-0.2400000000000091
772,2488.4,755.7,3.532,140,-1.5,-0.09999999999990905,-0.1599999999999909
778,2508.8,755.4,3.457,142,-1.5,-0.3000000000000682,-0.16000000000001363
785,2532.0,755.0,3.358,140,-1.6,-0.39999999999997726,-0.17999999999999544
787,2537.8,754.9,3.217,138,-1.5,-0.10000000000002274,-0.2
793,2556.5,754.6,3.061,137,-0.8,-0.2999999999999545,-0.23999999999998636
797,2567.9,754.5,3.014,137,-0.7,-0.10000000000002274,-0.2400000000000091
804,2591.6,754.5,3.185,139,0.2,0.0,-0.17999999999999544
806,2598.1,754.5,3.358,140,0.3,0.0,-0.1
813,2619.5,754.7,3.108,140,0.4,0.20000000000004547,-0.03999999999998636
815,2626.8,754.7,3.181,141,0.3,0.0,0.02000000000000455
822,2648.1,754.7,3.169,145,0.0,0.0,0.0400000000000091
825,2657.4,754.7,3.064,142,0.0,0.0,0.0400000000000091
827,2663.4,754.7,3.074,142,0.0,0.0,0.0400000000000091
834,2686.7,754.7,3.257,145,0.0,0.0,0.0
835,2690.5,754.7,3.389,142,-0.2,0.0,0.0
839,2702.5,754.7,3.154,143,-0.2,0.0,0.0
846,2725.3,754.6,3.158,143,-0.1,-0.10000000000002274,-0.02000000000000455
853,2748.0,754.6,3.249,143,-0.3,0.0,-0.02000000000000455
856,2757.6,754.6,3.228,143,-0.2,0.0,-0.02000000000000455
862,2777.6,754.5,3.289,143,-0.5,-0.10000000000002274,-0.0400000000000091
864,2782.8,754.5,3.156,143,-0.6,0.0,-0.0400000000000091
871,2805.6,754.3,3.119,143,-0.5,-0.20000000000004547,-0.06000000000001364
872,2809.6,754.3,3.346,144,-0.6,0.0,-0.06000000000001364
874,2816.1,754.3,3.33,141,-0.4,0.0,-0.06000000000001364
880,2834.7,754.2,3.136,142,-0.4,-0.09999999999990905,-0.05999999999999091
886,2854.1,754.1,3.169,145,-0.6,-0.10000000000002274,-0.07999999999999545
887,2857.2,754.1,3.214,144,-0.6,0.0,-0.03999999999998636
893,2878.0,753.9,3.409,143,-1.0,-0.20000000000004547,-0.07999999999999545
894,2881.2,753.9,3.429,144,-1.0,0.0,-0.07999999999999545
901,2903.0,753.6,3.124,144,-0.6,-0.2999999999999545,-0.12000000000000455
906,2919.7,753.5,3.208,144,-0.4,-0.10000000000002274,-0.12000000000000455
912,2940.9,753.5,3.443,144,0.3,0.0,-0.12000000000000455
916,2952.0,753.6,3.234,144,0.6,0.10000000000002274,-0.05999999999999091
921,2968.1,753.8,3.022,145,1.1,0.1999999999999318,-0.02000000000000455
922,2971.8,753.8,3.303,148,0.9,0.0,0.03999999999998636
924,2978.6,753.9,3.325,144,0.8,0.10000000000002274,0.07999999999999545
929,2995.4,754.0,3.361,145,0.8,0.10000000000002274,0.1
936,3017.5,754.2,3.245,142,0.8,0.20000000000004547,0.12000000000000455
937,3020.4,754.2,3.135,139,1.1,0.0,0.0800000000000182
940,3031.3,754.3,3.267,136,1.3,0.09999999999990905,0.1
946,3051.4,754.6,3.444,135,1.2,0.3000000000000682,0.1400000000000091
953,3073.4,754.9,3.24,135,1.3,0.2999999999999545,0.17999999999999544
954,3076.7,754.9,3.161,135,1.1,0.0,0.13999999999998636
961,3100.6,755.2,3.405,135,0.9,0.3000000000000682,0.2
968,3122.8,755.4,3.289,139,0.7,0.1999999999999318,0.22000000000000455
974,3141.8,755.5,3.168,137,0.4,0.10000000000002274,0.17999999999999544
980,3163.1,755.5,3.365,139,0.4,0.0,0.12000000000000455
982,3169.8,755.5,3.496,140,0.5,0.0,0.12000000000000455
989,3192.2,755.7,3.226,141,0.9,0.20000000000004547,0.1
993,3203.4,755.8,3.049,143,0.9,0.09999999999990905,0.07999999999999545
998,3219.5,756.0,3.032,142,1.2,0.20000000000004547,0.1
999,3222.7,756.0,3.23,141,1.3,0.0,0.1
1005,3243.2,756.3,3.384,145,1.4,0.2999999999999545,0.1599999999999909
1007,3248.4,756.4,3.212,144,1.5,0.10000000000002274,0.13999999999998636
1013,3268.4,756.7,3.161,144,1.4,0.3000000000000682,0.1800000000000182
1015,3274.8,756.8,3.3,142,1.2,0.09999999999990905,0.1599999999999909
1016,3278.7,756.8,3.368,145,1.1,0.0,0.1599999999999909
1023,3300.5,757.0,3.209,144,0.8,0.20000000000004547,0.1400000000000091
1024,3303.9,757.1,3.145,146,1.0,0.10000000000002274,0.1400000000000091
1030,3324.7,757.2,3.456,145,0.8,0.10000000000002274,0.1
1032,3330.7,757.3,3.35,145,0.5,0.09999999999990905,0.1
1038,3350.9,757.4,3.281,146,0.2,0.10000000000002274,0.12000000000000455
1041,3360.9,757.4,3.357,145,0.2,0.0,0.07999999999999545
1048,3384.8,757.3,3.385,144,0.5,-0.10000000000002274,0.03999999999998636
1050,3391.8,757.4,3.427,144,0.8,0.10000000000002274,0.03999999999998636
1057,3414.1,757.7,3.26,144,1.3,0.3000000000000682,0.0800000000000182
1060,3424.7,757.9,3.291,143,1.2,0.1999999999999318,0.1
1067,3447.3,758.1,3.316,144,0.9,0.20000000000004547,0.1400000000000091
1071,3460.1,758.2,3.225,146,0.6,0.10000000000002274,0.1800000000000182
1078,3483.3,758.3,3.272,148,0.5,0.09999999999990905,0.17999999999999544
1080,3489.0,758.3,3.203,148,0.2,0.0,0.11999999999998182
1086,3510.0,758.4,3.345,149,0.0,0.10000000000002274,0.1
1088,3515.7,758.3,3.341,150,0.0,-0.10000000000002274,0.03999999999998636
1136,3515.8,758.3,0.114,115,-1.5,0.0,0.01999999999998181
1139,3519.6,758.3,0.076,112,0.6,0.0,0.0
1140,3523.0,758.2,0.141,112,0.6,-0.09999999999990905,-0.01999999999998181
1146,3547.0,758.5,3.921,110,0.5,0.2999999999999545,0.02000000000000455
1152,3568.1,758.6,3.758,112,0.7,0.10000000000002274,0.06000000000001364
1154,3575.3,758.6,3.538,113,0.4,0.0,0.06000000000001364
1160,3595.6,758.7,3.435,115,0.5,0.10000000000002274,0.0800000000000182
1162,3602.3,758.7,3.367,115,0.5,0.0,0.1
1164,3609.1,758.8,3.374,112,0.9,0.09999999999990905,0.05999999999999091
1165,3612.4,758.8,3.356,116,0.8,0.0,0.03999999999998636
1170,3629.3,759.0,3.377,118,0.6,0.20000000000004547,0.07999999999999545
1177,3652.8,759.1,3.369,119,0.7,0.10000000000002274,0.07999999999999545
1179,3659.4,759.1,3.347,117,0.4,0.0,0.07999999999999545
1183,3673.5,759.2,3.452,120,0.9,0.10000000000002274,0.0800000000000182
1186,3683.7,759.2,3.47,120,1.2,0.0,0.0800000000000182
1193,3706.4,759.6,3.285,122,1.3,0.39999999999997726,0.12000000000000455
1196,3716.4,759.8,3.269,123,1.4,0.1999999999999318,0.13999999999998636
1202,3736.6,760.0,3.36,125,0.8,0.20000000000004547,0.17999999999999544
1205,3747.0,760.1,3.394,127,0.5,0.10000000000002274,0.17999999999999544
1212,3769.7,760.1,3.304,128,0.5,0.0,0.17999999999999544
1213,3772.9,760.1,3.242,127,0.5,0.0,0.1
1220,3795.8,760.3,3.269,129,0.9,0.1999999999999318,0.1
1223,3806.1,760.4,3.32,132,0.9,0.10000000000002274,0.07999999999999545
1229,3825.0,760.6,3.24,130,1.0,0.20000000000004547,0.1
1236,3848.0,760.8,3.22,131,0.9,0.1999999999999318,0.13999999999998636
1242,3868.4,761.0,3.342,132,0.7,0.20000000000004547,0.17999999999999544
1243,3871.9,761.0,3.419,133,0.7,0.0,0.1400000000000091
1250,3895.2,761.1,3.349,135,0.5,0.10000000000002274,0.1400000000000091
1253,3905.0,761.2,3.311,136,0.5,0.10000000000002274,0.12000000000000455
1260,3928.1,761.3,3.285,137,0.5,0.09999999999990905,0.1
1261,3931.4,761.3,3.304,136,0.5,0.0,0.05999999999999091
1267,3951.5,761.4,3.346,138,0.5,0.10000000000002274,0.07999999999999545
1272,3967.9,761.5,3.31,138,0.5,0.10000000000002274,0.07999999999999545
1278,3987.9,761.6,3.311,139,0.5,0.10000000000002274,0.07999999999999545
1280,3994.2,761.6,3.295,141,0.4,0.0,0.06000000000001364
1286,4014.9,761.7,3.369,141,0.4,0.10000000000002274,0.0800000000000182
1287,4018.0,761.7,3.396,141,0.4,0.0,0.06000000000001364
1294,4040.8,761.8,3.244,141,0.4,0.09999999999990905,0.05999999999999091
1296,4047.4,761.8,3.263,143,0.4,0.0,0.03999999999998636
1302,4067.5,761.9,3.34,141,0.4,0.10000000000002274,0.05999999999999091
1304,4074.1,761.9,3.339,139,0.6,0.0,0.03999999999998636
1309,4090.2,762.0,3.24,142,0.7,0.10000000000002274,0.05999999999999091
1312,4100.2,762.1,3.271,141,0.7,0.10000000000002274,0.06000000000001364
1319,4123.1,762.3,3.292,139,0.7,0.1999999999999318,0.1
1321,4130.0,762.3,3.309,139,0.7,0.0,0.07999999999999545
1326,4147.3,762.4,3.459,142,0.8,0.10000000000002274,0.1
1328,4154.1,762.5,3.439,142,0.8,0.10000000000002274,0.1
1330,4160.8,762.6,3.418,139,1.0,0.10000000000002274,0.1
1332,4167.3,762.6,3.325,142,0.8,0.0,0.06000000000001364
1335,4177.5,762.7,3.344,143,0.7,0.10000000000002274,0.0800000000000182
1339,4191.1,762.8,3.409,148,0.8,0.09999999999990905,0.07999999999999545
1343,4205.3,762.9,3.476,149,0.7,0.10000000000002274,0.07999999999999545
1350,4228.4,763.1,3.388,149,0.6,0.20000000000004547,0.1
1352,4234.9,763.1,3.287,149,0.5,0.0,0.1
1358,4255.7,763.2,3.414,151,0.4,0.10000000000002274,0.1
1360,4262.3,763.2,3.431,151,0.4,0.0,0.0800000000000182
1366,4282.8,763.3,3.379,151,0.4,0.09999999999990905,0.07999999999999545
1373,4305.4,763.4,3.314,152,0.5,0.10000000000002274,0.05999999999999091
1375,4312.1,763.4,3.259,152,0.4,0.0,0.05999999999999091
1379,4326.0,763.5,3.423,149,0.3,0.10000000000002274,0.05999999999999091
1380,4329.2,763.5,3.428,146,0.5,0.0,0.05999999999999091
1382,4335.7,763.5,3.369,147,0.6,0.0,0.0400000000000091
1388,4353.0,763.6,2.974,144,0.4,0.10000000000002274,0.0400000000000091
1395,4375.2,763.8,3.038,142,0.6,0.1999999999999318,0.07999999999999545
1402,4397.6,763.8,3.181,142,0.8,0.0,0.05999999999999091
1407,4414.0,764.0,3.235,143,0.9,0.20000000000004547,0.1
1414,4436.5,764.3,3.248,141,1.2,0.2999999999999545,0.1599999999999909
1416,4443.0,764.4,3.226,142,0.9,0.10000000000002274,0.1599999999999909
1423,4465.7,764.6,3.239,142,0.7,0.20000000000004547,0.16000000000001363
1430,4488.7,764.7,3.264,141,0.6,0.10000000000002274,0.1800000000000182
1431,4492.1,764.7,3.3,140,0.4,0.0,0.1400000000000091
1437,4512.3,764.8,3.369,138,0.3,0.09999999999990905,0.1
1438,4515.6,764.8,3.356,139,0.6,0.0,0.07999999999999545
1439,4519.1,764.8,3.371,142,0.7,0.0,0.03999999999998636
1445,4539.1,765.0,3.357,142,0.8,0.20000000000004547,0.05999999999999091
1446,4542.5,765.0,3.347,142,0.8,0.0,0.05999999999999091
1452,4563.1,765.2,3.429,142,0.7,0.20000000000004547,0.0800000000000182
1454,4570.0,765.2,3.44,143,1.1,0.0,0.0800000000000182
1461,4593.2,765.4,3.344,141,1.2,0.1999999999999318,0.12000000000000455
1468,4616.2,765.8,3.301,144,1.4,0.39999999999997726,0.1599999999999909
1470,4622.8,765.9,3.292,145,1.8,0.10000000000002274,0.17999999999999544
1475,4639.4,766.2,3.313,142,1.8,0.3000000000000682,0.2
1479,4652.9,766.5,3.344,142,1.9,0.2999999999999545,0.2599999999999909
1483,4665.8,766.7,3.301,145,1.9,0.20000000000004547,0.26000000000001366
1486,4675.3,766.9,3.196,146,1.7,0.1999999999999318,0.22000000000000455
1493,4698.1,767.3,3.231,146,1.7,0.39999999999997726,0.2799999999999955
1495,4704.7,767.4,3.266,146,1.6,0.10000000000002274,0.23999999999998636
1501,4725.1,767.7,3.378,149,1.4,0.3000000000000682,0.2400000000000091
1503,4732.1,767.8,3.43,149,1.4,0.09999999999990905,0.21999999999998182
1509,4753.4,768.1,3.525,148,1.1,0.3000000000000682,0.2400000000000091
1513,4767.1,768.3,3.5,149,0.9,0.1999999999999318,0.2
1520,4789.0,768.4,3.24,147,0.8,0.10000000000002274,0.2
1522,4795.4,768.4,3.141,148,0.5,0.0,0.13999999999998636
1527,4812.9,768.6,3.411,151,0.7,0.20000000000004547,0.16000000000001363
1531,4826.9,768.6,3.499,149,0.5,0.0,0.1
1532,4830.1,768.7,3.44,149,0.2,0.10000000000002274,0.0800000000000182
1539,4853.5,768.7,3.325,148,0.5,0.0,0.06000000000001364
1540,4856.6,768.7,3.323,147,0.4,0.0,0.06000000000001364
1542,4863.7,768.8,3.36,150,0.4,0.09999999999990905,0.03999999999998636
1548,4883.9,768.9,3.404,148,0.5,0.10000000000002274,0.05999999999999091
1554,4904.1,768.9,3.368,148,0.3,0.0,0.03999999999998636
1558,4918.3,769.0,3.445,149,0.3,0.10000000000002274,0.05999999999999091
1563,4934.6,769.0,3.394,146,0.7,0.0,0.05999999999999091
1566,4944.2,769.1,3.23,146,0.6,0.10000000000002274,0.06000000000001364
1572,4965.0,769.3,3.369,148,0.7,0.1999999999999318,0.07999999999999545
1574,4971.7,769.3,3.441,149,0.6,0.0,0.07999999999999545
1580,4991.8,769.4,3.355,147,0.4,0.10000000000002274,0.07999999999999545
1587,5014.5,769.5,3.288,150,0.6,0.10000000000002274,0.1
1593,5035.1,769.6,3.328,148,0.6,0.10000000000002274,0.1
1595,5042.0,769.7,3.446,148,0.7,0.10000000000002274,0.0800000000000182
1599,5055.3,769.8,3.375,144,0.9,0.09999999999990905,0.1
1603,5068.1,769.9,3.258,142,0.8,0.10000000000002274,0.1
1610,5091.2,770.1,3.264,141,1.0,0.20000000000004547,0.12000000000000455
1613,5101.2,770.2,3.314,142,1.2,0.10000000000002274,0.12000000000000455
1620,5122.5,770.5,3.131,144,1.4,0.2999999999999545,0.1599999999999909
1626,5142.7,770.8,3.191,146,1.4,0.2999999999999545,0.2
1628,5149.4,770.9,3.359,146,1.4,0.10000000000002274,0.2
1629,5152.0,770.9,3.271,146,1.6,0.0,0.1599999999999909
1664,5152.0,770.9,0.071,133,0.0,0.0,0.13999999999998636
1665,5152.0,770.9,0.0,133,-0.7,0.0,0.07999999999999545
1668,5155.4,771.0,0.088,130,-0.7,0.10000000000002274,0.0400000000000091
1669,5159.5,770.9,1.504,130,-0.6,-0.10000000000002274,0.0
1674,5179.8,770.7,4.06,128,-1.0,-0.1999999999999318,-0.03999999999998636
1680,5201.6,770.6,3.83,127,-0.9,-0.10000000000002274,-0.05999999999999091
1686,5222.6,770.3,3.573,125,-0.9,-0.3000000000000682,-0.12000000000000455
1690,5236.2,770.2,3.459,125,-1.1,-0.09999999999990905,-0.1599999999999909
1696,5257.1,770.0,3.452,126,-0.8,-0.20000000000004547,-0.17999999999999544
1698,5263.9,769.9,3.465,127,-1.0,-0.10000000000002274,-0.16000000000001363
1704,5284.6,769.8,3.431,127,-0.8,-0.10000000000002274,-0.16000000000001363
1705,5288.1,769.7,3.457,127,-0.5,-0.09999999999990905,-0.11999999999998182
1711,5309.5,769.6,3.556,128,-0.5,-0.10000000000002274,-0.12000000000000455
1715,5323.2,769.6,3.512,128,-0.3,0.0,-0.07999999999999545
1721,5343.5,769.5,3.403,129,-0.6,-0.10000000000002274,-0.07999999999999545
1724,5353.8,769.5,3.39,131,-0.7,0.0,-0.05999999999999091
1730,5374.8,769.2,3.476,132,-0.7,-0.2999999999999545,-0.1
1736,5395.8,769.1,3.501,135,-0.6,-0.10000000000002274,-0.1
1738,5402.4,769.1,3.451,136,-0.4,0.0,-0.1
1742,5416.1,769.1,3.398,139,-0.6,0.0,-0.07999999999999545
1745,5426.3,769.0,3.407,139,-0.6,-0.10000000000002274,-0.1
1751,5446.3,768.8,3.353,140,-1.0,-0.20000000000004547,-0.0800000000000182
1752,5449.4,768.8,3.31,140,-0.9,0.0,-0.06000000000001364
1757,5465.4,768.6,3.183,143,-1.0,-0.1999999999999318,-0.1
1759,5472.4,768.6,3.281,141,-1.0,0.0,-0.1
1766,5494.9,768.3,3.274,143,-1.0,-0.3000000000000682,-0.1400000000000091
1767,5498.0,768.3,3.199,146,-1.3,0.0,-0.1
1769,5504.5,768.2,3.21,149,-1.2,-0.09999999999990905,-0.11999999999998182
1775,5525.6,767.9,3.452,149,-0.9,-0.3000000000000682,-0.1400000000000091
1776,5529.0,767.9,3.496,151,-0.8,0.0,-0.1400000000000091
1783,5552.2,767.8,3.319,153,-0.6,-0.10000000000002274,-0.1
1787,5565.4,767.7,3.313,156,-0.8,-0.09999999999990905,-0.11999999999998182
1790,5575.7,767.6,3.36,153,-1.3,-0.10000000000002274,-0.12000000000000455
1794,5588.4,767.4,3.29,156,-1.4,-0.20000000000004547,-0.1
1799,5604.6,767.1,3.209,153,-1.6,-0.2999999999999545,-0.1599999999999909
1802,5614.1,767.0,3.205,153,-1.7,-0.10000000000002274,-0.1599999999999909
1805,5624.4,766.8,3.308,156,-1.5,-0.20000000000004547,-0.1800000000000182
1810,5641.6,766.5,3.446,157,-1.5,-0.2999999999999545,-0.22000000000000455
1817,5665.2,766.2,3.399,157,-1.4,-0.2999999999999545,-0.23999999999998636
1818,5668.5,766.2,3.361,157,-1.2,0.0,-0.17999999999999544
1824,5688.8,765.9,3.373,158,-1.2,-0.3000000000000682,-0.22000000000000455
1825,5692.1,765.9,3.364,159,-1.2,0.0,-0.17999999999999544
1830,5708.7,765.7,3.308,162,-1.0,-0.1999999999999318,-0.1599999999999909
1835,5725.2,765.5,3.315,163,-1.0,-0.20000000000004547,-0.1400000000000091
1842,5748.3,765.3,3.302,164,-1.1,-0.20000000000004547,-0.1800000000000182
1843,5751.4,765.3,3.272,164,-1.0,0.0,-0.12000000000000455
1850,5774.0,765.0,3.208,164,-0.4,-0.2999999999999545,-0.17999999999999544
1851,5777.0,765.0,3.204,164,-0.2,0.0,-0.1400000000000091
1856,5793.8,765.1,3.308,165,0.6,0.10000000000002274,-0.07999999999999545
1863,5816.1,765.2,3.257,164,0.7,0.10000000000002274,-0.01999999999998181
1870,5839.1,765.4,3.236,163,0.7,0.1999999999999318,0.02000000000000455
1877,5862.5,765.6,3.31,163,0.8,0.20000000000004547,0.12000000000000455
1879,5869.5,765.6,3.373,162,0.8,0.0,0.12000000000000455
1885,5889.5,765.8,3.382,162,0.8,0.1999999999999318,0.13999999999998636
1888,5899.8,765.9,3.372,163,1.1,0.10000000000002274,0.13999999999998636
1895,5922.6,766.1,3.308,161,0.8,0.20000000000004547,0.1400000000000091
1896,5925.9,766.2,3.256,160,1.0,0.10000000000002274,0.12000000000000455
1903,5949.1,766.3,3.307,159,1.1,0.09999999999990905,0.13999999999998636
1904,5952.1,766.4,3.285,158,0.9,0.10000000000002274,0.12000000000000455
1910,5968.7,766.6,2.809,156,0.9,0.20000000000004547,0.1400000000000091
1914,5982.9,766.7,3.074,156,0.8,0.10000000000002274,0.12000000000000455
1919,6003.0,766.8,3.811,156,0.6,0.09999999999990905,0.11999999999998182
1922,6013.2,766.9,3.786,156,0.7,0.10000000000002274,0.12000000000000455
1928,6033.4,767.0,3.378,154,0.8,0.10000000000002274,0.12000000000000455
1931,6044.2,767.1,3.443,154,0.7,0.10000000000002274,0.1
1937,6065.2,767.3,3.531,154,0.5,0.1999999999999318,0.11999999999998182
1939,6071.2,767.3,3.381,154,0.4,0.0,0.1
1945,6092.2,767.3,3.369,154,0.2,0.0,0.07999999999999545
1951,6112.5,767.4,3.439,154,0.4,0.10000000000002274,0.07999999999999545
1954,6122.0,767.4,3.317,154,0.6,0.0,0.05999999999999091
1961,6144.1,767.6,3.162,153,0.4,0.20000000000004547,0.06000000000001364
1962,6146.7,767.6,3.084,154,0.4,0.0,0.06000000000001364
1969,6169.5,767.6,3.17,155,0.0,0.0,0.06000000000001364
1970,6173.5,767.6,3.359,155,0.0,0.0,0.0400000000000091
1976,6194.3,767.6,3.544,155,0.0,0.0,0.0400000000000091
1977,6196.9,767.6,3.329,155,0.0,0.0,0.0
1983,6216.9,767.6,3.233,156,0.2,0.0,0.0
1986,6227.3,767.6,3.384,157,0.2,0.0,0.0
1993,6250.4,767.7,3.347,158,0.6,0.10000000000002274,0.02000000000000455
1994,6253.6,767.7,3.284,158,0.5,0.0,0.02000000000000455
1999,6270.6,767.9,3.365,159,0.2,0.1999999999999318,0.05999999999999091
2005,6291.3,767.9,3.429,159,0.0,0.0,0.05999999999999091
2011,6311.7,767.8,3.425,158,-0.6,-0.10000000000002274,0.03999999999998636
2013,6319.2,767.7,3.49,158,-1.2,-0.09999999999990905,0.0
2019,6340.0,767.5,3.536,159,-1.5,-0.20000000000004547,-0.0400000000000091
2022,6350.5,767.2,3.481,160,-1.3,-0.2999999999999545,-0.13999999999998636
2028,6370.9,766.9,3.436,160,-1.3,-0.3000000000000682,-0.2
2034,6390.9,766.8,3.361,160,-1.1,-0.10000000000002274,-0.2
2035,6394.2,766.8,3.334,159,-1.0,0.0,-0.1800000000000182
2041,6414.3,766.5,3.346,157,-1.3,-0.2999999999999545,-0.2
2046,6430.9,766.3,3.339,157,-1.3,-0.20000000000004547,-0.1800000000000182
2048,6437.6,766.2,3.333,156,-0.8,-0.09999999999990905,-0.13999999999998636
2054,6457.9,766.0,3.364,155,-0.3,-0.20000000000004547,-0.1599999999999909
2059,6473.9,766.0,3.299,155,-0.1,0.0,-0.1599999999999909
2066,6497.0,766.1,3.264,154,0.0,0.10000000000002274,-0.07999999999999545
2069,6507.0,766.1,3.312,155,0.0,0.0,-0.03999999999998636
2075,6527.9,766.0,3.436,157,0.0,-0.10000000000002274,-0.0400000000000091
2080,6544.4,766.0,3.392,160,0.0,0.0,0.0
2087,6567.9,766.1,3.328,161,-0.2,0.10000000000002274,0.02000000000000455
2088,6571.1,766.1,3.349,161,-0.3,0.0,0.0
2095,6592.8,765.9,3.112,160,-0.3,-0.20000000000004547,-0.0400000000000091
2100,6609.8,765.8,3.222,159,-0.1,-0.10000000000002274,-0.0400000000000091
2107,6633.0,765.9,3.353,157,0.1,0.10000000000002274,-0.02000000000000455
2113,6653.5,766.0,3.36,158,0.4,0.10000000000002274,-0.02000000000000455
2115,6660.6,766.0,3.445,158,1.1,0.0,-0.02000000000000455
2121,6680.4,766.1,3.359,158,1.3,0.10000000000002274,0.0400000000000091
2124,6689.9,766.5,3.263,161,1.1,0.39999999999997726,0.1400000000000091
2127,6700.0,766.6,3.282,160,1.6,0.10000000000002274,0.1400000000000091
2134,6723.0,766.7,3.305,160,1.1,0.10000000000002274,0.1400000000000091
2141,6744.2,767.1,3.155,159,1.2,0.39999999999997726,0.22000000000000455
2143,6750.9,767.2,3.106,160,1.5,0.10000000000002274,0.22000000000000455
2149,6772.3,767.5,3.513,159,1.1,0.2999999999999545,0.2
2150,6774.9,767.5,3.417,160,1.0,0.0,0.17999999999999544
2154,6789.5,767.6,3.442,163,0.8,0.10000000000002274,0.17999999999999544
2158,6802.5,767.7,3.45,164,0.7,0.10000000000002274,0.12000000000000455
2165,6825.2,767.9,3.245,166,0.6,0.1999999999999318,0.13999999999998636
2171,6844.3,768.0,3.217,166,0.7,0.10000000000002274,0.1
2178,6868.1,768.1,3.296,165,0.5,0.10000000000002274,0.12000000000000455
2180,6874.3,768.2,3.331,165,0.4,0.10000000000002274,0.12000000000000455
2184,6888.4,768.2,3.387,162,0.4,0.0,0.1
2188,6901.3,768.2,3.383,161,0.2,0.0,0.06000000000001364
2194,6922.0,768.3,3.362,162,0.1,0.09999999999990905,0.05999999999999091
2198,6935.8,768.3,3.451,162,0.2,0.0,0.03999999999998636
2205,6959.1,768.3,3.372,164,0.0,0.0,0.01999999999998181
2207,6966.1,768.3,3.369,164,0.0,0.0,0.01999999999998181
2214,6988.0,768.3,3.213,164,0.2,0.0,0.01999999999998181
2216,6995.1,768.3,3.219,164,0.2,0.0,0.0
2223,7017.6,768.4,3.287,162,0.0,0.10000000000002274,0.02000000000000455
2225,7025.2,768.4,3.34,163,0.0,0.0,0.02000000000000455
2231,7044.3,768.3,3.34,166,0.2,-0.10000000000002274,0.0
2235,7056.9,768.3,3.169,167,0.2,0.0,0.0
2242,7079.8,768.5,3.227,169,0.6,0.20000000000004547,0.0400000000000091
2244,7086.0,768.5,3.234,169,0.9,0.0,0.02000000000000455
2251,7108.2,768.7,3.153,170,0.7,0.20000000000004547,0.06000000000001364
2253,7115.1,768.8,3.231,171,0.8,0.09999999999990905,0.1
2259,7135.8,768.9,3.455,172,0.6,0.10000000000002274,0.12000000000000455
2260,7139.2,768.9,3.449,172,0.5,0.0,0.07999999999999545
2265,7154.9,769.0,3.185,170,0.7,0.10000000000002274,0.1
2270,7171.6,769.1,3.243,168,0.6,0.10000000000002274,0.07999999999999545
2276,7191.6,769.3,3.335,167,0.8,0.1999999999999318,0.1
2279,7201.1,769.3,3.276,166,0.7,0.0,0.07999999999999545
2285,7221.2,769.5,3.286,165,0.7,0.20000000000004547,0.12000000000000455
2286,7225.4,769.5,3.466,165,0.9,0.0,0.1
2293,7248.3,769.7,3.391,164,0.7,0.20000000000004547,0.12000000000000455
2299,7267.6,769.9,3.252,165,0.8,0.1999999999999318,0.12000000000000455
2305,7288.2,770.0,3.322,166,0.8,0.10000000000002274,0.1400000000000091
2309,7300.7,770.1,3.306,165,0.8,0.10000000000002274,0.12000000000000455
2315,7320.8,770.3,3.262,165,0.7,0.1999999999999318,0.1599999999999909
2317,7328.3,770.4,3.452,165,0.6,0.10000000000002274,0.13999999999998636
2323,7348.5,770.4,3.455,165,0.2,0.0,0.1
2325,7354.5,770.4,3.271,164,0.1,0.0,0.07999999999999545
2332,7378.2,770.4,3.306,165,0.5,0.0,0.05999999999999091
2338,7397.5,770.5,3.312,166,0.6,0.10000000000002274,0.0400000000000091
2342,7411.4,770.7,3.321,169,0.8,0.20000000000004547,0.06000000000001364
2346,7425.4,770.8,3.479,166,0.8,0.09999999999990905,0.07999999999999545
2347,7428.0,770.8,3.314,166,0.5,0.0,0.07999999999999545
2353,7448.2,770.9,3.254,164,0.4,0.10000000000002274,0.1
2355,7455.5,770.9,3.444,163,0.6,0.0,0.07999999999999545
2362,7477.7,771.0,3.281,163,0.8,0.10000000000002274,0.05999999999999091
2363,7480.3,771.1,3.098,163,0.8,0.10000000000002274,0.06000000000001364
2369,7500.4,771.3,3.25,163,0.9,0.1999999999999318,0.1
2370,7503.1,771.3,3.26,163,0.7,0.0,0.07999999999999545
2376,7523.3,771.4,3.267,161,0.6,0.10000000000002274,0.1
2380,7535.8,771.5,3.266,163,0.5,0.10000000000002274,0.1
2384,7548.0,771.6,3.092,164,0.0,0.10000000000002274,0.1
2390,7567.7,771.6,3.19,165,-0.3,0.0,0.06000000000001364
2396,7589.0,771.4,3.417,167,-0.7,-0.20000000000004547,0.02000000000000455
2398,7596.4,771.3,3.584,168,-1.0,-0.10000000000002274,-0.02000000000000455
2404,7616.6,771.1,3.439,167,-1.0,-0.1999999999999318,-0.07999999999999545
2408,7629.4,771.0,3.304,167,-0.6,-0.10000000000002274,-0.12000000000000455
2414,7650.1,770.8,3.353,167,-0.5,-0.20000000000004547,-0.16000000000001363
2417,7659.5,770.9,3.341,167,-0.5,0.10000000000002274,-0.1
2423,7679.9,770.8,3.312,165,-0.3,-0.10000000000002274,-0.1
2426,7690.0,770.7,3.392,166,-0.4,-0.09999999999990905,-0.07999999999999545
2432,7710.1,770.6,3.357,166,-0.4,-0.10000000000002274,-0.07999999999999545
2437,7727.3,770.6,3.39,165,-0.3,0.0,-0.03999999999998636
2444,7750.6,770.5,3.373,165,-0.3,-0.10000000000002274,-0.07999999999999545
2446,7757.0,770.5,3.306,166,-0.5,0.0,-0.05999999999999091
2453,7780.0,770.4,3.272,167,-0.6,-0.10000000000002274,-0.06000000000001364
2454,7783.5,770.3,3.311,167,-0.5,-0.10000000000002274,-0.06000000000001364
2460,7803.9,770.2,3.413,168,-0.3,-0.09999999999990905,-0.07999999999999545
2464,7817.3,770.2,3.378,168,-0.2,0.0,-0.05999999999999091
2471,7840.5,770.2,3.325,166,-0.3,0.0,-0.05999999999999091
2474,7850.0,770.2,3.269,168,-0.3,0.0,-0.03999999999998636
2480,7870.1,770.0,3.291,166,-0.5,-0.20000000000004547,-0.05999999999999091
2484,7884.3,770.0,3.432,167,-0.4,0.0,-0.0400000000000091
2490,7904.8,769.9,3.469,166,-0.3,-0.10000000000002274,-0.06000000000001364
2494,7918.0,769.9,3.367,166,-0.3,0.0,-0.06000000000001364
2500,7938.4,769.8,3.362,164,-0.2,-0.10000000000002274,-0.0800000000000182
2502,7945.2,769.8,3.397,160,-0.5,0.0,-0.0400000000000091
2503,7948.8,769.8,3.421,160,-0.5,0.0,-0.0400000000000091
2505,7955.7,769.7,3.46,157,-0.5,-0.09999999999990905,-0.03999999999998636
2511,7975.9,769.6,3.388,156,-0.5,-0.10000000000002274,-0.05999999999999091
2515,7989.5,769.6,3.373,157,-0.3,0.0,-0.03999999999998636
2522,8012.0,769.5,3.285,159,-0.3,-0.10000000000002274,-0.05999999999999091
2524,8019.6,769.5,3.346,159,-0.3,0.0,-0.05999999999999091
2530,8040.3,769.4,3.536,159,0.2,-0.10000000000002274,-0.06000000000001364
2533,8050.0,769.4,3.38,160,0.2,0.0,-0.0400000000000091
2539,8070.0,769.6,3.299,161,0.6,0.20000000000004547,0.0
2543,8084.0,769.6,3.403,164,0.5,0.0,0.02000000000000455
2545,8091.2,769.7,3.532,164,-0.2,0.10000000000002274,0.0400000000000091
2552,8114.1,769.7,3.338,165,-0.3,0.0,0.06000000000001364
2556,8128.0,769.5,3.345,165,-0.3,-0.20000000000004547,0.02000000000000455
2562,8148.2,769.4,3.412,163,-0.4,-0.10000000000002274,-0.0400000000000091
2566,8161.5,769.5,3.355,163,-0.3,0.10000000000002274,-0.02000000000000455
2572,8181.8,769.4,3.357,162,-0.3,-0.10000000000002274,-0.06000000000001364
2576,8195.5,769.3,3.393,161,-0.5,-0.10000000000002274,-0.0800000000000182
2583,8218.2,769.2,3.31,162,-0.5,-0.09999999999990905,-0.05999999999999091
2584,8221.5,769.2,3.257,162,-0.5,0.0,-0.03999999999998636
2590,8243.2,769.1,3.58,162,-0.6,-0.10000000000002274,-0.07999999999999545
2595,8259.8,769.0,3.478,162,-0.6,-0.10000000000002274,-0.07999999999999545
2602,8282.2,768.8,3.249,163,-0.5,-0.20000000000004547,-0.1
2605,8292.3,768.8,3.253,164,-0.5,0.0,-0.0800000000000182
2608,8302.9,768.8,3.443,167,-0.2,0.0,-0.0800000000000182
2614,8322.1,768.7,3.307,170,-0.4,-0.09999999999990905,-0.07999999999999545
2616,8328.5,768.7,3.204,170,-0.4,0.0,-0.05999999999999091
2621,8345.7,768.6,3.378,173,-0.5,-0.10000000000002274,-0.03999999999998636
2625,8359.7,768.6,3.462,175,-0.6,0.0,-0.03999999999998636
2631,8380.0,768.4,3.423,174,-0.6,-0.20000000000004547,-0.07999999999999545
2635,8392.9,768.3,3.321,175,-0.7,-0.10000000000002274,-0.0800000000000182
2641,8413.7,768.2,3.375,172,-0.5,-0.09999999999990905,-0.1
2642,8417.3,768.2,3.493,171,-0.4,0.0,-0.07999999999999545
2649,8440.7,768.1,3.374,173,0.4,-0.10000000000002274,-0.1
2650,8443.7,768.1,3.296,171,0.4,0.0,-0.05999999999999091
2657,8466.8,768.4,3.262,172,0.9,0.2999999999999545,0.02000000000000455
2659,8473.6,768.4,3.321,173,1.1,0.0,0.03999999999998636
2666,8495.7,768.6,3.212,172,1.0,0.20000000000004547,0.07999999999999545
2670,8508.8,768.8,3.204,171,0.9,0.1999999999999318,0.13999999999998636
2676,8528.8,769.0,3.311,170,0.8,0.20000000000004547,0.17999999999999544
2683,8551.7,769.1,3.297,171,0.7,0.10000000000002274,0.1400000000000091
2685,8557.6,769.1,3.2,171,0.6,0.0,0.1400000000000091
2691,8577.2,769.3,3.189,171,0.6,0.1999999999999318,0.13999999999998636
2695,8591.2,769.4,3.354,172,0.7,0.10000000000002274,0.12000000000000455
2702,8613.3,769.5,3.282,172,0.5,0.10000000000002274,0.1
2703,8616.0,769.5,3.111,172,0.8,0.0,0.07999999999999545
2709,8636.5,769.6,3.32,171,1.0,0.10000000000002274,0.1
2713,8650.3,769.9,3.431,171,1.0,0.2999999999999545,0.12000000000000455
2720,8673.3,770.1,3.341,170,1.1,0.20000000000004547,0.1400000000000091
2721,8676.6,770.1,3.28,170,0.8,0.0,0.12000000000000455
2728,8698.3,770.3,3.132,169,0.8,0.1999999999999318,0.1599999999999909
2729,8701.1,770.3,3.068,168,0.8,0.0,0.13999999999998636
2736,8724.1,770.5,3.215,167,0.9,0.20000000000004547,0.12000000000000455
2741,8740.2,770.6,3.259,166,1.0,0.10000000000002274,0.1
2748,8761.9,770.9,3.153,166,0.9,0.2999999999999545,0.1599999999999909
2751,8771.5,771.0,3.121,166,0.9,0.10000000000002274,0.1400000000000091
2758,8794.2,771.1,3.229,164,0.4,0.10000000000002274,0.16000000000001363
2762,8806.2,771.2,3.162,164,0.1,0.10000000000002274,0.1400000000000091
2769,8829.3,771.2,3.195,163,0.1,0.0,0.12000000000000455
2775,8847.6,771.1,3.184,162,0.0,-0.10000000000002274,0.0400000000000091
2782,8870.4,771.2,3.16,162,0.1,0.10000000000002274,0.0400000000000091
2786,8882.4,771.2,3.164,162,0.3,0.0,0.02000000000000455
2792,8903.9,771.3,3.347,164,0.1,0.09999999999990905,0.01999999999998181
2797,8920.4,771.3,3.455,166,0.1,0.0,0.01999999999998181
2804,8942.9,771.3,3.253,167,-0.1,0.0,0.03999999999998636
2806,8949.6,771.3,3.243,168,-0.1,0.0,0.01999999999998181
2813,8971.8,771.2,3.212,166,0.0,-0.09999999999990905,0.0
2819,8991.1,771.2,3.192,165,0.0,0.0,-0.01999999999998181
2823,9004.9,771.3,3.305,168,0.6,0.09999999999990905,0.0
2825,9011.7,771.3,3.427,165,0.8,0.0,0.0
2829,9024.1,771.5,3.195,163,1.2,0.20000000000004547,0.0400000000000091
2831,9030.5,771.5,3.145,162,1.5,0.0,0.05999999999999091
2843,9030.7,771.6,0.471,165,1.5,0.10000000000002274,0.07999999999999545
2844,9031.6,771.6,0.08,165,1.6,0.0,0.06000000000001364
2848,9043.8,771.8,2.63,166,0.7,0.1999999999999318,0.1
2854,9062.2,772.0,3.061,165,0.0,0.20000000000004547,0.1
2858,9072.2,771.9,2.843,165,-0.6,-0.10000000000002274,0.07999999999999545
2864,9092.3,771.6,3.008,165,-1.1,-0.2999999999999545,0.0
2866,9098.3,771.5,3.254,165,-1.1,-0.10000000000002274,-0.02000000000000455
2871,9114.7,771.4,3.199,162,-0.9,-0.10000000000002274,-0.07999999999999545
2875,9128.3,771.3,3.339,162,-0.7,-0.10000000000002274,-0.1400000000000091
2882,9150.9,771.1,3.292,164,-0.7,-0.1999999999999318,-0.1599999999999909
2883,9154.7,771.1,3.303,165,-0.6,0.0,-0.1
2889,9174.9,771.0,3.436,166,-0.6,-0.10000000000002274,-0.1
2890,9177.4,771.0,3.237,166,-0.6,0.0,-0.07999999999999545
2896,9197.5,770.8,3.226,169,-0.8,-0.20000000000004547,-0.1
2898,9205.0,770.8,3.445,167,-0.7,0.0,-0.06000000000001364
2905,9227.3,770.6,3.313,169,-0.5,-0.1999999999999318,-0.1
2907,9234.7,770.6,3.304,169,-0.7,0.0,-0.07999999999999545
2914,9256.7,770.5,3.259,170,-0.6,-0.10000000000002274,-0.1
2915,9260.3,770.4,3.206,170,-0.5,-0.10000000000002274,-0.07999999999999545
2920,9276.9,770.3,3.378,170,-0.2,-0.10000000000002274,-0.1
2925,9294.1,770.3,3.374,168,0.0,0.0,-0.06000000000001364
2929,9308.6,770.4,3.518,171,0.6,0.10000000000002274,-0.0400000000000091
2930,9311.4,770.4,3.46,169,0.6,0.0,-0.02000000000000455
2936,9331.4,770.6,3.263,169,0.7,0.20000000000004547,0.0400000000000091
2940,9344.4,770.6,3.302,170,0.8,0.0,0.06000000000001364
2947,9368.0,770.8,3.325,169,0.3,0.1999999999999318,0.1
2952,9385.5,771.0,3.424,170,0.2,0.20000000000004547,0.12000000000000455
2958,9406.0,770.8,3.456,169,-0.2,-0.20000000000004547,0.07999999999999545
2959,9409.4,770.7,3.416,170,-1.0,-0.09999999999990905,0.02000000000000455
2961,9415.5,770.7,3.336,168,-1.1,0.0,0.02000000000000455
