time,latlng,distance,altitude,velocity_smooth,heartrate,grade_smooth
8,"[32.588771, -110.746325]",0.0,1461.0,0.001,110,-6.0
18,"[32.588604, -110.745935]",41.1,1458.7,4.584,121,-4.9
31,"[32.588395, -110.745476]",90.0,1456.9,3.69,132,-2.5
40,"[32.58825, -110.745154]",124.4,1456.2,3.819,137,-1.8
53,"[32.587998, -110.744713]",174.4,1455.4,3.886,141,-1.4
61,"[32.587862, -110.744433]",204.8,1455.0,3.788,142,-1.2
76,"[32.587593, -110.743935]",260.2,1454.3,3.714,145,-1.4
88,"[32.587397, -110.743531]",304.0,1453.6,3.639,154,-1.6
98,"[32.587226, -110.74319]",341.1,1453.0,3.714,155,-1.0
109,"[32.587047, -110.742823]",381.0,1452.8,3.625,156,-0.5
122,"[32.586853, -110.742365]",429.1,1452.5,3.686,156,-0.9
132,"[32.586697, -110.742019]",465.9,1452.0,3.7,157,-1.2
144,"[32.586513, -110.741631]",507.7,1451.5,3.491,157,-0.8
157,"[32.58628, -110.741206]",555.3,1451.6,3.789,158,1.6
166,"[32.586104, -110.740923]",588.2,1452.4,3.661,156,3.3
180,"[32.585758, -110.740504]",643.2,1454.5,3.924,156,3.7
191,"[32.585497, -110.740209]",683.3,1455.8,3.687,154,2.7
201,"[32.585252, -110.739927]",721.2,1456.5,3.754,159,-1.1
212,"[32.585138, -110.739506]",763.8,1454.4,4.07,160,-7.9
221,"[32.585227, -110.739162]",797.8,1451.5,3.703,159,-8.1
233,"[32.585401, -110.738724]",843.4,1447.9,3.797,159,-7.9
247,"[32.585569, -110.73821]",895.2,1443.8,3.68,161,-8.0
260,"[32.585752, -110.73771]",946.3,1439.9,3.981,161,-7.5
269,"[32.585869, -110.737369]",980.8,1437.3,3.84,162,-7.6
278,"[32.586002, -110.737039]",1015.1,1434.7,3.81,163,-7.3
289,"[32.586156, -110.73664]",1056.4,1431.8,3.674,164,-6.8
302,"[32.586418, -110.736221]",1105.3,1428.5,3.696,164,-6.8
312,"[32.586638, -110.735924]",1142.3,1426.0,3.684,164,-6.7
327,"[32.587072, -110.735643]",1197.7,1422.2,3.751,165,-6.7
337,"[32.587389, -110.735517]",1234.8,1419.8,3.744,165,-6.6
350,"[32.587777, -110.735272]",1284.6,1416.6,3.857,168,-6.4
357,"[32.587905, -110.735018]",1312.5,1414.8,3.981,169,-6.2
368,"[32.588037, -110.734591]",1355.2,1412.2,3.88,171,-6.6
379,"[32.588299, -110.734274]",1397.6,1409.1,3.929,175,-6.4
392,"[32.588721, -110.734057]",1448.6,1406.1,3.961,179,-5.6
404,"[32.589101, -110.733878]",1493.9,1403.6,3.796,179,-5.9
413,"[32.589376, -110.733725]",1527.7,1401.5,3.749,175,-6.1
426,"[32.589754, -110.733466]",1576.2,1398.5,3.623,172,-6.1
435,"[32.58999, -110.733241]",1610.0,1396.5,3.611,168,-5.9
448,"[32.590272, -110.732807]",1661.5,1393.6,4.041,167,-5.3
456,"[32.590417, -110.732531]",1692.0,1392.0,3.815,166,-5.3
469,"[32.590671, -110.73208]",1743.0,1389.3,3.906,165,-5.3
478,"[32.590908, -110.731843]",1777.6,1387.3,3.854,166,-5.4
491,"[32.591335, -110.731708]",1826.9,1384.7,3.643,173,-5.2
500,"[32.591625, -110.731664]",1859.2,1383.0,3.671,173,-5.3
517,"[32.592156, -110.731587]",1918.9,1380.3,3.391,167,-3.9
528,"[32.592458, -110.731341]",1959.9,1378.7,3.734,163,-4.0
538,"[32.592676, -110.73105]",1996.4,1377.2,3.651,164,-4.1
549,"[32.592912, -110.73073]",2036.3,1375.5,3.702,163,-4.5
562,"[32.593232, -110.73042]",2082.7,1373.3,3.617,163,-4.6
572,"[32.593555, -110.730356]",2119.4,1371.7,3.643,164,-3.0
586,"[32.593714, -110.729856]",2174.1,1371.1,3.961,167,0.5
597,"[32.593779, -110.72964]",2209.9,1371.3,2.981,167,-1.0
604,"[32.59374, -110.729986]",2242.6,1371.0,4.674,165,-0.3
619,"[32.59369, -110.730626]",2303.0,1371.3,3.862,165,1.0
627,"[32.593678, -110.730946]",2333.1,1371.7,3.76,167,1.4
638,"[32.593658, -110.731367]",2372.7,1372.3,3.6,167,1.6
654,"[32.593621, -110.732014]",2433.5,1373.3,3.853,168,1.4
661,"[32.593606, -110.732301]",2460.5,1373.6,3.861,168,0.7
672,"[32.593586, -110.732746]",2502.3,1373.8,3.8,171,0.6
686,"[32.593561, -110.733312]",2555.6,1374.3,3.805,172,0.9
694,"[32.593563, -110.733636]",2586.1,1374.5,3.806,170,1.0
705,"[32.593547, -110.734073]",2627.1,1375.0,3.734,169,1.8
716,"[32.59358, -110.734499]",2667.4,1376.0,3.655,169,3.2
733,"[32.593722, -110.73513]",2728.7,1379.0,3.629,175,5.8
745,"[32.593907, -110.735551]",2773.3,1381.7,3.718,175,6.4
752,"[32.594084, -110.735743]",2800.1,1383.6,3.823,173,6.9
767,"[32.594547, -110.735984]",2856.2,1387.0,3.788,171,4.4
775,"[32.594775, -110.736144]",2885.8,1388.0,3.691,170,2.5
789,"[32.595158, -110.736477]",2938.4,1388.5,3.76,174,-0.3
798,"[32.59542, -110.736673]",2972.9,1387.5,3.903,172,-3.2
808,"[32.595746, -110.736853]",3012.8,1386.3,3.988,171,-1.1
819,"[32.596087, -110.737028]",3054.0,1387.0,3.809,177,3.5
832,"[32.596455, -110.737334]",3104.0,1389.7,3.799,180,3.9
844,"[32.596762, -110.737661]",3150.0,1390.6,3.851,173,0.4
856,"[32.597053, -110.738014]",3196.2,1390.4,3.896,172,-0.6
866,"[32.59727, -110.738313]",3233.2,1390.2,3.705,174,0.0
878,"[32.597506, -110.738688]",3277.1,1390.4,3.654,178,0.9
887,"[32.597671, -110.738976]",3309.8,1390.9,3.632,180,2.3
897,"[32.597885, -110.739291]",3347.6,1392.0,3.787,179,2.3
911,"[32.598238, -110.739674]",3400.9,1392.8,3.793,178,1.7
922,"[32.598531, -110.739943]",3442.1,1393.7,3.746,176,2.7
935,"[32.598865, -110.740235]",3488.1,1395.3,3.564,175,3.3
948,"[32.599174, -110.740579]",3535.2,1396.4,3.701,174,1.8
959,"[32.599444, -110.740879]",3576.3,1397.1,3.735,175,1.7
969,"[32.599678, -110.741149]",3612.6,1397.7,3.631,173,1.4
983,"[32.599999, -110.741561]",3665.1,1398.1,3.759,175,0.9
989,"[32.600127, -110.741739]",3687.0,1398.4,3.706,174,0.8
1005,"[32.600493, -110.742242]",3749.4,1398.9,3.838,174,1.1
1015,"[32.600689, -110.742552]",3785.7,1399.4,3.631,174,1.8
1025,"[32.600858, -110.742882]",3821.9,1400.3,3.624,174,2.9
1040,"[32.601079, -110.743376]",3874.4,1401.7,3.437,178,2.1
1046,"[32.601208, -110.743582]",3898.4,1401.9,4.026,180,-0.6
1061,"[32.601565, -110.744021]",3955.6,1400.3,3.762,179,-4.5
1071,"[32.601806, -110.744324]",3994.7,1398.4,3.911,179,-5.5
1079,"[32.601999, -110.744574]",4026.4,1396.4,3.96,178,-6.4
1092,"[32.602357, -110.744935]",4078.9,1393.1,4.081,177,-5.7
1105,"[32.602778, -110.74518]",4131.0,1390.2,4.041,176,-5.7
1113,"[32.603049, -110.745253]",4161.9,1388.4,3.864,175,-5.6
1126,"[32.603527, -110.745321]",4215.4,1385.6,4.091,175,-4.5
1135,"[32.603849, -110.745353]",4251.2,1384.1,3.984,177,-4.3
1144,"[32.604166, -110.745392]",4286.5,1382.6,3.88,178,-4.7
1157,"[32.604575, -110.745663]",4339.3,1379.9,4.018,178,-4.3
1166,"[32.604748, -110.745973]",4374.2,1378.6,3.877,179,-3.8
1176,"[32.604871, -110.746367]",4413.6,1377.1,3.944,180,-5.0
1189,"[32.605073, -110.746862]",4465.3,1373.8,4.036,179,-6.1
1196,"[32.605226, -110.747131]",4495.8,1372.2,4.344,177,-2.8
1210,"[32.605568, -110.747582]",4552.7,1371.6,4.04,180,-0.4
1219,"[32.605836, -110.747839]",4591.0,1371.6,4.259,181,0.0
1229,"[32.606078, -110.748102]",4627.5,1371.6,3.647,181,0.4
1244,"[32.606453, -110.748475]",4681.8,1372.1,3.626,181,0.6
1254,"[32.606693, -110.748746]",4718.6,1372.2,3.78,184,-0.2
1264,"[32.606924, -110.749021]",4755.0,1372.1,3.639,183,-0.3
1278,"[32.607143, -110.749489]",4805.6,1372.0,3.67,181,1.6
1291,"[32.607267, -110.749981]",4853.8,1374.2,3.711,182,5.6
1301,"[32.607365, -110.750343]",4889.5,1376.5,3.565,182,6.4
1311,"[32.607496, -110.750699]",4925.9,1378.8,3.643,184,4.0
1322,"[32.607653, -110.751083]",4966.0,1380.1,3.643,182,1.6
1337,"[32.607796, -110.75166]",5022.5,1379.9,3.76,180,0.1
1346,"[32.607868, -110.752008]",5056.1,1380.2,3.736,181,1.3
1357,"[32.607955, -110.752452]",5098.9,1380.9,3.89,180,1.6
1367,"[32.608042, -110.752844]",5136.9,1381.5,3.804,178,1.1
1378,"[32.608127, -110.753279]",5178.9,1381.8,3.812,177,0.7
1393,"[32.608255, -110.753874]",5236.5,1382.1,3.857,180,-1.0
1401,"[32.608336, -110.754196]",5268.1,1381.4,3.943,178,-2.1
1411,"[32.608419, -110.754593]",5306.5,1380.6,3.84,179,-0.3
1423,"[32.608509, -110.755062]",5351.7,1381.6,3.72,181,3.8
1433,"[32.608587, -110.755442]",5388.4,1383.4,3.669,180,5.8
1447,"[32.608696, -110.755977]",5440.1,1387.0,3.707,180,6.7
1461,"[32.608813, -110.75649]",5490.0,1389.7,3.558,179,4.4
1470,"[32.608875, -110.756834]",5523.0,1390.5,3.655,178,1.2
1482,"[32.608941, -110.757305]",5567.8,1390.8,3.731,180,0.0
1495,"[32.608979, -110.757821]",5616.4,1390.2,3.787,180,-2.1
1506,"[32.609043, -110.758258]",5658.1,1389.2,3.786,177,-2.3
1515,"[32.609095, -110.758634]",5693.8,1388.4,3.969,177,-1.5
1526,"[32.609146, -110.759105]",5738.6,1388.2,4.016,177,-0.1
1535,"[32.609119, -110.759478]",5773.7,1388.2,3.908,176,-0.8
1548,"[32.609016, -110.759997]",5824.0,1386.5,3.844,173,-6.7
1556,"[32.608929, -110.760326]",5856.4,1383.8,4.043,175,-8.1
1568,"[32.608849, -110.760865]",5908.1,1380.0,4.267,179,-4.9
1577,"[32.60889, -110.761282]",5947.5,1378.5,4.381,181,-3.0
1587,"[32.608978, -110.761702]",5988.1,1377.6,4.063,183,-1.5
1601,"[32.60912, -110.762271]",6043.8,1377.3,3.936,181,-0.6
1608,"[32.609195, -110.762557]",6071.8,1377.1,4.013,181,-1.1
1622,"[32.609315, -110.76311]",6125.4,1376.4,3.811,180,-1.4
1632,"[32.609403, -110.763514]",6164.6,1375.9,3.916,181,-1.4
1642,"[32.609494, -110.763902]",6202.4,1375.3,3.784,180,-1.8
1653,"[32.609593, -110.764344]",6245.3,1374.4,3.955,179,-1.0
1666,"[32.609694, -110.764854]",6294.5,1374.7,3.76,181,0.9
1677,"[32.609794, -110.765286]",6336.5,1374.8,3.834,180,-0.2
1684,"[32.609883, -110.765555]",6363.8,1374.7,3.9,180,-0.3
1699,"[32.610106, -110.766126]",6423.2,1374.9,4.027,178,1.6
1706,"[32.610184, -110.766391]",6449.4,1375.5,3.751,179,2.0
1721,"[32.610389, -110.766955]",6507.1,1376.3,3.898,181,0.7
1730,"[32.610504, -110.767301]",6542.0,1376.4,3.878,179,-0.2
1742,"[32.610658, -110.767764]",6588.7,1376.1,3.889,180,-1.0
1752,"[32.610785, -110.768153]",6627.9,1375.5,3.915,179,-1.8
1763,"[32.610926, -110.768591]",6671.9,1374.6,4.002,180,-2.0
1775,"[32.611069, -110.769094]",6721.7,1373.6,4.158,177,-2.1
1784,"[32.611154, -110.769428]",6754.4,1373.0,3.614,174,-1.4
1794,"[32.611275, -110.769841]",6795.5,1372.7,4.156,172,0.2
1808,"[32.611412, -110.770377]",6848.0,1373.3,3.731,174,1.3
1818,"[32.611516, -110.770762]",6886.0,1373.8,3.8,175,1.1
1831,"[32.611658, -110.771239]",6933.5,1374.2,3.723,178,0.5
1838,"[32.611737, -110.771505]",6959.9,1374.2,3.774,176,-0.5
1852,"[32.611953, -110.772009]",7013.1,1373.5,3.801,171,-1.8
1863,"[32.612138, -110.772405]",7055.4,1372.7,3.849,170,-2.0
1875,"[32.612343, -110.772847]",7102.8,1371.6,4.008,175,-2.4
1886,"[32.612531, -110.773248]",7145.8,1370.6,3.896,175,-2.1
1896,"[32.612705, -110.773587]",7183.0,1369.9,3.728,176,-1.9
1909,"[32.612922, -110.774044]",7232.3,1368.9,3.801,175,-2.4
1917,"[32.613022, -110.774353]",7263.3,1368.1,3.889,174,-3.7
1931,"[32.613171, -110.774918]",7318.9,1365.6,3.965,176,-4.5
1941,"[32.613249, -110.775353]",7360.7,1363.8,4.174,176,-3.6
1951,"[32.613266, -110.775783]",7401.2,1363.1,4.14,172,-1.0
1958,"[32.613232, -110.776079]",7429.2,1363.0,4.0,169,1.1
1970,"[32.613104, -110.776555]",7476.1,1363.9,3.908,169,2.7
1982,"[32.612892, -110.776956]",7520.8,1365.7,3.759,172,3.8
1994,"[32.612698, -110.777366]",7564.9,1367.1,3.645,172,2.3
2008,"[32.612442, -110.777821]",7616.2,1367.7,3.7,173,0.6
2015,"[32.612346, -110.778076]",7642.5,1367.7,3.764,174,-0.4
2028,"[32.61222, -110.778592]",7693.1,1367.1,3.893,173,-2.4
2038,"[32.612209, -110.779013]",7732.6,1366.0,3.951,174,-3.3
2049,"[32.612271, -110.779457]",7775.0,1364.4,3.849,174,-3.7
2063,"[32.612445, -110.78002]",7831.2,1362.3,3.979,176,-3.6
2072,"[32.612602, -110.780346]",7866.5,1361.1,3.922,174,-3.2
2083,"[32.612789, -110.780732]",7908.2,1359.9,3.785,175,-2.2
2094,"[32.612977, -110.781126]",7950.7,1359.2,3.865,172,-1.7
2105,"[32.613163, -110.78151]",7992.3,1358.5,3.774,175,-1.9
2114,"[32.613318, -110.781842]",8027.8,1357.7,3.947,178,-2.2
2127,"[32.613542, -110.782303]",8077.7,1356.5,3.739,180,-2.6
2136,"[32.613694, -110.782622]",8112.1,1355.6,3.822,179,-3.0
2150,"[32.613954, -110.783105]",8165.8,1353.7,3.827,179,-3.7
2158,"[32.614134, -110.783369]",8197.7,1352.5,3.979,179,-3.8
2168,"[32.614371, -110.783708]",8238.9,1350.9,4.123,178,-3.9
2178,"[32.614611, -110.784026]",8278.9,1349.3,4.001,178,-4.0
2189,"[32.614896, -110.784325]",8321.2,1347.6,3.84,177,-3.9
2201,"[32.615204, -110.784646]",8366.7,1345.9,3.952,177,-3.7
2213,"[32.615514, -110.78498]",8413.3,1344.2,3.878,176,-3.3
2226,"[32.615844, -110.785315]",8461.5,1342.9,3.676,174,-2.3
2235,"[32.616072, -110.785583]",8497.2,1342.0,3.969,173,-2.3
2247,"[32.616353, -110.785943]",8543.3,1340.9,3.788,174,-2.6
2258,"[32.616609, -110.786274]",8585.3,1339.8,3.824,174,-2.5
2270,"[32.616865, -110.786645]",8630.2,1338.7,3.775,175,-2.3
2278,"[32.617026, -110.786912]",8661.1,1338.0,3.857,175,-2.4
2289,"[32.617243, -110.787289]",8703.8,1336.9,3.89,174,-2.7
2303,"[32.617487, -110.787796]",8758.6,1335.3,3.838,173,-3.1
2315,"[32.617677, -110.788237]",8805.1,1333.8,3.875,173,-3.2
2323,"[32.6178, -110.788538]",8836.4,1332.8,3.911,173,-3.0
2335,"[32.617958, -110.789005]",8883.6,1331.5,3.968,172,-2.8
2345,"[32.618065, -110.789387]",8921.4,1330.3,3.785,173,-3.3
2358,"[32.618209, -110.789894]",8971.7,1328.8,3.921,176,-3.1
2366,"[32.618282, -110.790213]",9002.6,1327.8,3.87,178,-3.0
2380,"[32.61839, -110.790765]",9055.9,1326.3,3.79,178,-2.9
2390,"[32.618459, -110.791162]",9093.9,1325.2,3.802,176,-3.0
2404,"[32.618564, -110.791729]",9148.4,1323.5,3.85,178,-3.1
2412,"[32.618623, -110.79205]",9179.2,1322.6,3.856,175,-2.6
2426,"[32.618731, -110.792612]",9233.3,1321.1,3.838,177,-3.5
2435,"[32.618801, -110.792981]",9268.9,1319.9,3.956,176,-3.6
2447,"[32.618895, -110.793472]",9316.1,1318.2,3.871,177,-3.5
2456,"[32.618952, -110.793817]",9349.1,1317.0,3.672,179,-3.6
2467,"[32.619041, -110.794276]",9393.3,1315.4,4.019,180,-3.6
2478,"[32.61912, -110.794719]",9435.8,1313.9,3.994,179,-3.3
2488,"[32.619188, -110.795108]",9473.1,1312.7,3.725,177,-3.0
2502,"[32.619181, -110.795635]",9523.7,1311.3,3.397,179,-2.1
2551,"[32.619298, -110.795877]",9554.3,1310.3,2.73,159,-3.9
2564,"[32.619377, -110.79648]",9611.6,1308.1,4.374,155,-3.6
2574,"[32.619436, -110.796928]",9654.2,1306.5,4.287,155,-3.5
2582,"[32.61947, -110.797293]",9688.7,1305.4,4.279,160,-3.4
2592,"[32.619511, -110.797731]",9730.0,1303.9,4.103,168,-3.5
2604,"[32.619552, -110.798245]",9778.5,1302.3,4.06,171,-3.3
2614,"[32.619593, -110.79866]",9817.7,1301.0,3.919,171,-2.9
2626,"[32.619625, -110.799155]",9864.3,1299.8,3.884,172,-2.8
2637,"[32.619665, -110.799623]",9908.5,1298.5,4.021,169,-2.8
2648,"[32.619739, -110.800082]",9952.4,1297.3,4.0,168,-3.0
2657,"[32.619834, -110.800437]",9987.4,1296.1,3.887,170,-3.5
2668,"[32.619974, -110.800872]",10031.0,1294.5,4.005,169,-3.1
2678,"[32.620166, -110.801244]",10072.1,1293.3,4.105,168,-2.7
2688,"[32.620404, -110.801571]",10112.6,1292.3,4.052,167,-2.1
2697,"[32.62062, -110.801845]",10147.8,1291.7,3.904,169,-1.9
2710,"[32.620683, -110.802373]",10199.3,1290.5,3.87,169,-2.6
2723,"[32.620558, -110.802888]",10249.5,1289.1,3.858,166,-2.8
2730,"[32.620492, -110.803175]",10277.5,1288.3,3.986,171,-2.7
2743,"[32.620367, -110.803702]",10328.8,1287.0,3.983,170,-2.5
2755,"[32.620267, -110.804202]",10377.1,1285.8,4.015,174,-2.3
2763,"[32.620208, -110.804539]",10409.5,1285.1,4.047,176,-1.9
2774,"[32.620103, -110.805005]",10454.7,1284.3,4.2,174,-1.8
2783,"[32.620021, -110.805363]",10489.5,1283.7,3.866,174,-1.7
2794,"[32.619933, -110.805804]",10532.1,1283.0,3.872,172,-1.9
2808,"[32.619809, -110.806377]",10587.5,1281.8,3.9,172,-2.2
2819,"[32.619712, -110.806797]",10628.5,1280.9,3.719,173,-2.3
2830,"[32.619608, -110.807243]",10671.9,1279.8,3.868,174,-2.7
2840,"[32.619514, -110.807647]",10711.2,1278.7,3.933,173,-2.9
2849,"[32.61944, -110.807998]",10745.1,1277.7,3.769,174,-2.9
2864,"[32.619299, -110.808594]",10803.2,1276.3,3.79,177,-2.4
2871,"[32.619234, -110.808879]",10830.9,1275.5,3.957,172,-3.0
2885,"[32.619113, -110.809429]",10884.3,1273.9,3.781,171,-3.0
2894,"[32.619033, -110.80979]",10919.3,1272.8,3.893,175,-3.1
2906,"[32.61894, -110.810261]",10964.7,1271.4,3.778,172,-3.2
2914,"[32.618867, -110.810588]",10996.5,1270.4,3.966,174,-2.9
2928,"[32.618736, -110.811138]",11050.0,1268.9,3.906,175,-2.8
2940,"[32.618629, -110.8116]",11095.0,1267.7,3.753,174,-2.5
2948,"[32.618559, -110.811917]",11125.8,1267.0,3.844,172,-2.3
2959,"[32.618452, -110.812373]",11170.3,1266.0,4.041,171,-2.3
2971,"[32.618346, -110.812847]",11216.2,1264.9,3.9,169,-2.3
2984,"[32.618226, -110.813368]",11267.0,1263.8,3.818,172,-2.2
2996,"[32.618122, -110.813842]",11312.9,1262.7,3.829,175,-2.4
3002,"[32.618069, -110.814083]",11336.3,1262.1,3.847,175,-2.3
3013,"[32.617968, -110.814515]",11378.3,1261.2,3.822,176,-2.3
3026,"[32.617853, -110.815031]",11428.4,1260.0,3.73,176,-2.3
3037,"[32.617752, -110.815478]",11471.8,1259.0,3.97,177,-2.3
3049,"[32.617646, -110.815969]",11519.4,1257.9,3.967,177,-2.3
3058,"[32.617561, -110.816318]",11553.5,1257.1,3.79,178,-2.3
3068,"[32.617472, -110.816716]",11592.2,1256.2,3.86,178,-2.5
3081,"[32.617351, -110.817238]",11642.9,1254.9,3.781,177,-2.4
3093,"[32.617236, -110.817714]",11689.4,1253.8,3.724,174,-2.3
3104,"[32.617142, -110.818149]",11731.6,1252.8,3.834,176,-2.3
3114,"[32.617046, -110.81855]",11770.7,1251.9,3.911,176,-2.3
3127,"[32.616923, -110.819063]",11820.7,1250.7,3.81,179,-2.2
3138,"[32.616825, -110.819512]",11864.2,1249.8,3.956,179,-2.1
3144,"[32.616771, -110.819757]",11888.0,1249.2,3.968,176,-2.1
3157,"[32.616651, -110.82028]",11938.8,1248.2,3.906,172,-2.2
3170,"[32.616526, -110.8208]",11989.6,1247.1,3.963,172,-2.0
3182,"[32.616424, -110.821281]",12036.2,1246.2,3.884,171,-2.2
3191,"[32.616329, -110.821654]",12072.9,1245.3,4.074,174,-2.3
3203,"[32.61622, -110.82216]",12121.9,1244.3,4.069,181,-2.2
3211,"[32.616149, -110.822478]",12152.8,1243.6,3.865,181,-2.2
3222,"[32.616048, -110.822931]",12196.8,1242.7,3.996,180,-2.1
3232,"[32.615955, -110.823345]",12237.0,1241.9,4.015,178,-2.1
3244,"[32.615847, -110.82383]",12284.1,1240.9,3.927,173,-2.1
3255,"[32.61575, -110.82427]",12326.7,1240.0,3.964,176,-2.3
3265,"[32.615665, -110.824661]",12364.7,1239.2,3.793,173,-2.2
3278,"[32.615537, -110.82519]",12416.3,1238.0,3.973,176,-2.4
3285,"[32.615474, -110.825465]",12443.0,1237.3,3.82,177,-2.4
3298,"[32.615355, -110.82598]",12493.1,1236.1,3.813,178,-2.6
3311,"[32.61524, -110.826501]",12543.6,1234.8,3.887,182,-2.5
3323,"[32.615128, -110.826979]",12590.2,1233.7,3.887,181,-2.4
3333,"[32.615034, -110.827384]",12629.6,1232.7,3.924,180,-2.5
3343,"[32.614945, -110.82779]",12669.0,1231.7,3.933,180,-2.5
3353,"[32.614861, -110.82819]",12707.7,1230.7,3.847,180,-2.6
3362,"[32.614777, -110.82855]",12742.7,1229.8,3.891,179,-2.7
3373,"[32.614673, -110.828991]",12785.7,1228.6,3.907,180,-2.7
3386,"[32.614552, -110.829516]",12836.8,1227.3,3.951,175,-2.7
3396,"[32.614461, -110.829917]",12875.8,1226.2,3.895,174,-2.6
3409,"[32.614346, -110.830443]",12926.8,1224.9,3.956,175,-2.5
3415,"[32.614292, -110.830681]",12949.9,1224.3,3.897,174,-2.6
3428,"[32.614177, -110.831208]",13000.9,1223.0,3.891,175,-2.4
3441,"[32.614057, -110.831727]",13051.5,1222.0,3.9,173,-2.0
3451,"[32.613965, -110.832131]",13090.7,1221.2,3.923,174,-1.7
3461,"[32.613872, -110.83253]",13129.6,1220.7,3.887,174,-1.1
3475,"[32.613744, -110.833095]",13184.5,1220.2,3.939,173,-0.7
3482,"[32.613682, -110.833383]",13212.4,1220.1,3.987,175,-0.6
3494,"[32.613566, -110.833869]",13259.8,1219.7,3.92,174,-0.9
3505,"[32.613469, -110.834319]",13303.4,1219.1,3.985,173,-1.6
3516,"[32.613367, -110.834762]",13346.5,1218.4,3.921,174,-1.8
3526,"[32.613273, -110.835158]",13385.1,1217.6,3.864,176,-2.1
3539,"[32.613155, -110.835679]",13435.7,1216.4,3.91,175,-2.4
3547,"[32.613089, -110.836003]",13467.0,1215.7,3.905,176,-2.4
3562,"[32.612953, -110.836593]",13524.4,1214.1,3.816,175,-2.8
3570,"[32.612878, -110.836898]",13554.2,1213.3,3.72,176,-2.7
3583,"[32.612763, -110.837427]",13605.5,1212.0,3.975,175,-2.7
3591,"[32.612689, -110.837747]",13636.6,1211.1,3.889,174,-2.6
3604,"[32.612574, -110.838263]",13686.7,1209.9,3.871,173,-2.6
3613,"[32.612487, -110.838623]",13721.8,1208.9,3.903,171,-2.7
3628,"[32.612354, -110.83923]",13780.7,1207.4,3.934,170,-2.4
3636,"[32.612288, -110.839548]",13811.4,1206.7,3.838,168,-2.4
3647,"[32.612179, -110.83999]",13854.6,1205.7,3.947,167,-2.3
3656,"[32.612097, -110.840345]",13889.3,1204.9,3.847,166,-2.2
3667,"[32.611985, -110.840787]",13932.5,1204.0,3.935,168,-2.3
3681,"[32.611845, -110.841341]",13986.7,1202.7,3.881,170,-2.2
3693,"[32.611732, -110.841814]",14032.9,1201.7,3.848,171,-2.3
3701,"[32.611651, -110.842127]",14063.7,1200.9,3.844,171,-2.3
3714,"[32.611519, -110.842633]",14113.4,1199.8,3.884,170,-2.0
3723,"[32.611426, -110.842993]",14148.8,1199.1,3.927,170,-2.2
3735,"[32.611295, -110.843479]",14196.6,1198.0,3.989,171,-2.4
3746,"[32.611169, -110.843913]",14239.7,1196.9,3.921,172,-2.4
3754,"[32.611084, -110.844224]",14270.3,1196.2,3.835,170,-2.3
3769,"[32.610916, -110.844796]",14327.2,1194.8,3.789,171,-2.4
3777,"[32.610825, -110.845119]",14359.1,1194.0,3.984,172,-2.4
3789,"[32.610686, -110.845579]",14405.0,1192.9,3.786,175,-2.2
3798,"[32.610577, -110.845924]",14439.5,1192.2,3.838,175,-2.1
3810,"[32.610423, -110.846393]",14486.8,1191.3,3.896,176,-1.8
3822,"[32.610275, -110.846858]",14533.4,1190.5,3.887,174,-1.8
3832,"[32.61015, -110.847241]",14571.9,1189.8,3.849,173,-1.8
3846,"[32.609969, -110.847789]",14627.2,1188.9,3.985,176,-1.6
3855,"[32.609847, -110.848145]",14663.3,1188.3,4.01,173,-1.6
3867,"[32.609693, -110.848614]",14710.5,1187.5,3.931,173,-1.5
3875,"[32.609588, -110.848921]",14741.6,1187.1,3.895,172,-1.5
3886,"[32.609435, -110.849355]",14785.7,1186.3,4.056,172,-1.5
3896,"[32.609296, -110.849739]",14824.9,1185.8,3.916,172,-1.4
3908,"[32.609121, -110.850193]",14871.7,1185.1,3.907,176,-1.5
3918,"[32.608986, -110.85057]",14910.2,1184.5,3.846,177,-1.7
3929,"[32.608831, -110.850984]",14952.7,1183.7,3.86,177,-1.8
3941,"[32.608658, -110.851439]",14999.6,1182.9,3.909,174,-1.9
3953,"[32.608475, -110.85189]",15046.5,1181.9,3.912,171,-2.1
3963,"[32.608324, -110.85227]",15085.9,1181.1,3.939,175,-2.1
3975,"[32.608139, -110.852728]",15133.5,1180.1,3.953,174,-2.2
3985,"[32.607984, -110.853106]",15173.0,1179.3,3.946,173,-2.0
3993,"[32.607866, -110.853409]",15204.3,1178.7,3.914,174,-1.9
4007,"[32.607646, -110.853938]",15259.6,1177.7,3.975,173,-1.6
4015,"[32.607523, -110.854241]",15291.2,1177.3,3.949,172,-1.5
4029,"[32.607314, -110.854772]",15346.1,1176.5,3.96,173,-1.2
4041,"[32.607122, -110.855226]",15393.7,1176.0,3.97,173,-1.0
4047,"[32.607036, -110.855453]",15417.1,1175.8,3.947,173,-0.9
4059,"[32.606862, -110.855904]",15463.6,1175.4,3.874,174,-0.9
4070,"[32.60669, -110.85631]",15506.3,1175.0,3.879,175,-0.9
4080,"[32.606539, -110.85668]",15544.8,1174.7,3.854,176,-0.7
4095,"[32.606312, -110.857239]",15603.0,1174.3,3.847,175,-0.7
4103,"[32.606173, -110.857536]",15634.8,1174.1,3.977,174,-0.8
4115,"[32.605972, -110.857974]",15681.7,1173.6,3.928,174,-0.7
4127,"[32.605769, -110.858418]",15729.1,1173.3,3.952,175,-0.9
4138,"[32.605593, -110.858821]",15771.6,1172.8,3.863,173,-1.2
4146,"[32.605475, -110.859115]",15802.1,1172.4,3.815,176,-1.5
4160,"[32.605271, -110.859637]",15856.2,1171.5,3.874,174,-2.0
4170,"[32.605117, -110.860022]",15896.2,1170.6,3.999,175,-2.2
4180,"[32.604973, -110.860401]",15935.1,1169.7,3.882,171,-3.0
4190,"[32.604823, -110.860765]",15973.2,1168.5,3.801,172,-3.4
4202,"[32.604632, -110.861216]",16020.5,1166.6,3.897,169,-2.9
4216,"[32.6042, -110.861175]",16075.4,1166.0,3.945,171,-0.3
4225,"[32.60394, -110.860955]",16110.8,1165.9,3.925,171,-0.6
4235,"[32.603706, -110.860648]",16149.7,1165.6,3.889,170,-0.8
4248,"[32.603441, -110.860199]",16201.0,1165.3,3.957,171,-0.3
4258,"[32.603241, -110.859865]",16239.5,1165.2,3.85,171,-0.2
4267,"[32.603068, -110.859555]",16274.4,1165.1,3.859,170,-0.4
4278,"[32.602864, -110.859177]",16316.5,1164.9,3.83,166,-0.5
4288,"[32.602672, -110.858827]",16355.6,1164.7,3.912,169,-0.3
4298,"[32.602483, -110.858483]",16394.2,1164.7,3.853,169,0.0
4312,"[32.602221, -110.858005]",16447.6,1165.0,3.816,175,1.6
4322,"[32.602029, -110.857677]",16485.1,1165.7,3.751,178,2.5
4332,"[32.601846, -110.857345]",16522.3,1166.8,3.716,183,3.5
4347,"[32.601577, -110.85687]",16576.0,1169.1,3.561,185,4.7
4358,"[32.601385, -110.856528]",16614.5,1170.9,3.498,183,4.6
4370,"[32.601155, -110.856166]",16657.1,1172.7,3.624,181,2.9
4380,"[32.60091, -110.855916]",16693.2,1173.6,3.604,177,1.9
4394,"[32.600513, -110.85563]",16745.0,1174.2,3.719,176,1.1
4408,"[32.600096, -110.855372]",16797.2,1174.5,3.798,176,0.0
4415,"[32.599882, -110.85524]",16824.0,1174.4,3.828,175,-0.5
4428,"[32.599481, -110.855008]",16873.4,1174.3,3.815,177,0.8
4440,"[32.599111, -110.8548]",16919.0,1175.0,3.797,179,2.1
4451,"[32.598796, -110.854602]",16958.6,1176.3,3.581,178,3.3
4464,"[32.59842, -110.854379]",17005.2,1177.6,3.523,177,1.4
4473,"[32.598156, -110.85421]",17038.6,1177.8,3.704,177,-0.2
4485,"[32.597793, -110.853998]",17083.5,1176.9,3.76,177,-2.5
4498,"[32.597393, -110.853764]",17133.0,1175.7,3.857,179,-2.4
4509,"[32.597062, -110.853556]",17174.5,1174.7,3.748,179,-2.6
4519,"[32.596755, -110.85336]",17213.2,1173.6,3.872,179,-3.1
4527,"[32.596505, -110.85319]",17245.3,1172.5,4.002,175,-3.4
4538,"[32.596177, -110.852958]",17287.7,1171.1,3.858,175,-3.0
4551,"[32.595793, -110.852648]",17339.2,1170.1,3.984,174,-0.8
4562,"[32.595477, -110.852394]",17381.7,1170.1,3.855,174,0.2
4570,"[32.59524, -110.852205]",17413.4,1170.3,3.987,174,1.6
4586,"[32.594787, -110.85184]",17474.3,1171.6,3.727,176,2.3
4596,"[32.59453, -110.851619]",17509.4,1172.5,3.518,176,2.3
4607,"[32.594244, -110.851363]",17549.4,1173.2,3.641,175,1.3
4622,"[32.593865, -110.850986]",17604.4,1173.8,3.726,173,1.2
4629,"[32.593686, -110.850805]",17630.5,1174.1,3.729,170,1.5
4642,"[32.593387, -110.850432]",17678.9,1175.0,3.694,167,2.9
4655,"[32.593118, -110.850046]",17725.8,1176.6,3.551,168,3.7
4667,"[32.592858, -110.849703]",17769.0,1178.2,3.54,168,4.0
4677,"[32.592666, -110.849417]",17803.2,1179.6,3.419,168,4.3
4687,"[32.592465, -110.849125]",17838.6,1181.2,3.531,169,4.3
4702,"[32.59217, -110.848692]",17890.8,1183.4,3.478,171,4.3
4714,"[32.591937, -110.84834]",17932.8,1185.2,3.511,173,4.5
4725,"[32.591738, -110.848016]",17970.3,1186.9,3.216,178,3.5
4741,"[32.591469, -110.847506]",18026.7,1188.4,3.496,182,1.7
4751,"[32.591301, -110.847167]",18063.6,1188.9,3.686,181,1.2
4760,"[32.591147, -110.846873]",18096.1,1189.2,3.61,177,1.0
4773,"[32.59092, -110.846459]",18142.4,1189.5,3.594,180,-0.2
4783,"[32.590761, -110.846118]",18178.9,1189.3,3.653,176,-1.0
4798,"[32.590558, -110.845597]",18232.9,1188.2,3.642,178,-2.9
4811,"[32.590414, -110.845099]",18282.3,1186.5,3.743,175,-3.3
4821,"[32.590293, -110.844721]",18320.2,1185.3,3.79,172,-3.0
4830,"[32.590185, -110.844374]",18355.0,1184.3,3.867,174,-2.2
4845,"[32.590025, -110.843784]",18413.3,1183.6,3.812,172,-0.7
4855,"[32.589922, -110.84341]",18450.2,1183.5,3.694,174,0.2
4863,"[32.589832, -110.843116]",18479.5,1183.7,3.664,172,0.4
4877,"[32.589683, -110.842592]",18531.5,1183.9,3.686,175,1.1
4888,"[32.589542, -110.842202]",18571.3,1184.6,3.618,175,2.2
4902,"[32.589324, -110.841723]",18622.4,1186.2,3.62,172,3.9
4912,"[32.589167, -110.841403]",18657.2,1187.7,3.45,171,4.8
4926,"[32.588895, -110.84099]",18706.4,1190.6,3.459,174,7.3
4936,"[32.588657, -110.84075]",18741.4,1193.3,3.516,172,7.6
4946,"[32.588364, -110.840645]",18775.4,1195.9,3.403,173,7.4
4963,"[32.588024, -110.840564]",18828.1,1199.4,2.777,172,-0.4
4974,"[32.5884, -110.840707]",18871.9,1196.4,4.004,181,-7.5
4985,"[32.588765, -110.840914]",18917.3,1192.9,4.065,181,-7.7
4992,"[32.58893, -110.841135]",18945.2,1190.7,3.973,180,-6.9
5006,"[32.589212, -110.841628]",19001.1,1187.4,4.021,183,-4.8
5014,"[32.589355, -110.841932]",19033.8,1185.9,4.085,184,-3.8
5025,"[32.589516, -110.842343]",19076.4,1184.6,3.991,183,-2.3
5035,"[32.58963, -110.842722]",19114.1,1184.0,3.768,185,-1.1
5051,"[32.589815, -110.843337]",19175.4,1183.6,3.738,182,-0.4
5061,"[32.589925, -110.843726]",19213.9,1183.5,3.847,182,0.2
5071,"[32.590047, -110.844094]",19251.0,1183.8,3.716,182,1.2
5082,"[32.590163, -110.844516]",19292.7,1184.4,3.795,183,2.0
5095,"[32.590322, -110.845011]",19342.4,1185.9,3.887,183,3.4
5105,"[32.590413, -110.845397]",19380.0,1187.2,3.76,184,3.5
5115,"[32.59054, -110.845797]",19420.2,1188.5,3.924,186,2.8
5129,"[32.590755, -110.84629]",19472.2,1189.4,3.769,185,0.8
5138,"[32.590919, -110.846607]",19507.2,1189.5,3.885,184,-0.3
5148,"[32.5911, -110.84695]",19545.1,1189.1,3.879,184,-1.0
5158,"[32.591295, -110.847298]",19584.3,1188.7,3.911,184,-1.2
5174,"[32.591589, -110.847849]",19645.4,1187.7,3.846,184,-2.6
5180,"[32.591703, -110.848058]",19668.8,1186.9,3.898,181,-4.2
5192,"[32.591951, -110.848453]",19715.0,1184.8,3.85,181,-4.4
5204,"[32.592209, -110.848846]",19761.7,1182.8,3.882,181,-4.2
5213,"[32.592413, -110.849141]",19797.4,1181.3,3.975,179,-4.3
5226,"[32.592705, -110.849565]",19848.8,1179.0,3.964,178,-4.1
5237,"[32.592945, -110.849915]",19891.0,1177.4,3.84,177,-3.8
5246,"[32.59315, -110.850198]",19926.0,1176.1,3.886,176,-3.3
5258,"[32.593442, -110.850562]",19973.1,1174.7,3.956,175,-2.2
5267,"[32.593666, -110.850823]",20008.0,1174.1,3.877,177,-1.5
5277,"[32.593927, -110.851111]",20047.6,1173.6,3.96,177,-1.1
5292,"[32.594329, -110.851501]",20105.5,1173.0,3.818,177,-1.7
5300,"[32.594551, -110.851694]",20136.1,1172.3,3.824,181,-2.5
5311,"[32.594861, -110.851964]",20178.8,1171.2,3.879,182,-2.2
5321,"[32.595152, -110.852193]",20217.7,1170.5,3.888,181,-1.4
5337,"[32.595608, -110.852556]",20278.6,1170.0,3.789,183,0.1
5346,"[32.595863, -110.852778]",20313.7,1170.3,3.896,184,1.4
5357,"[32.596171, -110.853037]",20355.6,1171.2,3.772,182,2.9
5371,"[32.596578, -110.853321]",20408.1,1173.0,3.698,184,3.2
5380,"[32.596843, -110.853486]",20441.4,1174.0,3.697,187,2.8
5389,"[32.5971, -110.853675]",20475.1,1174.9,3.74,188,2.5
5404,"[32.597539, -110.853956]",20530.4,1176.2,3.629,185,2.3
5416,"[32.597904, -110.854156]",20575.0,1177.3,3.717,185,2.3
5425,"[32.598179, -110.854307]",20608.5,1177.8,3.735,185,0.3
5440,"[32.59862, -110.854576]",20663.7,1176.9,3.706,183,-3.1
5449,"[32.5989, -110.854741]",20698.3,1175.7,3.852,184,-3.2
5459,"[32.599207, -110.854936]",20737.0,1174.6,3.857,184,-1.7
5473,"[32.599647, -110.855204]",20791.9,1174.2,3.968,186,0.2
5480,"[32.59986, -110.855338]",20818.8,1174.4,3.831,187,0.5
5491,"[32.600202, -110.855545]",20861.4,1174.5,3.859,185,-0.3
5504,"[32.600598, -110.855772]",20910.1,1174.0,3.722,187,-1.2
5516,"[32.600917, -110.855991]",20951.1,1173.6,3.293,184,-1.9
5527,"[32.601145, -110.856238]",20985.5,1172.7,3.133,182,-3.1
5540,"[32.601403, -110.856648]",21033.6,1170.6,3.686,177,-4.8
5551,"[32.601622, -110.85703]",21077.0,1168.5,3.944,174,-4.6
5563,"[32.601852, -110.857465]",21125.1,1166.6,3.916,175,-3.1
5572,"[32.602023, -110.857791]",21161.2,1165.6,4.007,177,-2.3
5581,"[32.602197, -110.858096]",21195.7,1165.0,3.829,180,-1.4
5595,"[32.602466, -110.858571]",21249.4,1164.7,3.783,185,0.0
5605,"[32.602644, -110.858923]",21287.9,1164.7,3.853,186,0.3
5615,"[32.602843, -110.859262]",21326.7,1164.9,3.872,187,0.6
5629,"[32.603117, -110.859732]",21380.2,1165.2,3.78,186,0.3
5639,"[32.603323, -110.860056]",21418.3,1165.2,3.821,185,0.2
5652,"[32.603577, -110.860483]",21467.4,1165.4,3.826,184,0.5
5661,"[32.603749, -110.860782]",21501.3,1165.6,3.768,182,0.8
5671,"[32.603996, -110.861051]",21538.6,1166.0,3.736,180,0.5
5685,"[32.604387, -110.861354]",21590.6,1166.0,3.721,178,-1.3
5698,"[32.604426, -110.86181]",21639.5,1164.7,3.782,177,-3.1
5709,"[32.60425, -110.862219]",21682.6,1163.7,3.905,181,-2.3
5717,"[32.604129, -110.862519]",21713.7,1163.0,3.899,183,-2.0
5727,"[32.603987, -110.8629]",21752.8,1162.3,3.905,179,-1.9
5740,"[32.603816, -110.863384]",21802.0,1161.3,3.838,181,-2.4
5748,"[32.603681, -110.863689]",21834.5,1160.6,4.055,179,-2.1
5762,"[32.603477, -110.864202]",21887.6,1159.6,3.789,181,-1.9
5773,"[32.603307, -110.864603]",21929.7,1158.8,3.829,180,-1.8
5785,"[32.603136, -110.865058]",21976.5,1158.0,3.961,180,-1.7
5794,"[32.602998, -110.865381]",22010.4,1157.4,3.765,182,-1.7
5805,"[32.602832, -110.865794]",22053.4,1156.8,3.919,179,-1.3
5817,"[32.602649, -110.866236]",22099.5,1156.2,3.846,181,-1.4
5826,"[32.602515, -110.866577]",22134.9,1155.7,3.896,183,-1.4
5840,"[32.602311, -110.867097]",22188.7,1155.0,3.785,183,-1.4
5851,"[32.602146, -110.867489]",22229.8,1154.4,3.737,181,-1.4
5861,"[32.601989, -110.867851]",22267.9,1153.9,3.813,181,-1.4
5874,"[32.601789, -110.868322]",22317.4,1153.1,3.814,182,-1.7
5883,"[32.601668, -110.868661]",22351.9,1152.6,3.826,182,-1.5
5893,"[32.601519, -110.869038]",22391.0,1152.0,3.902,181,-1.5
5908,"[32.601282, -110.869595]",22449.6,1151.2,3.907,183,-1.3
5919,"[32.60112, -110.870009]",22492.3,1150.7,3.889,183,-1.2
5927,"[32.601003, -110.870307]",22523.3,1150.3,3.863,183,-1.4
5936,"[32.60087, -110.870644]",22558.1,1149.9,3.78,184,-1.2
5950,"[32.600653, -110.87116]",22612.2,1149.3,3.863,184,-1.2
5961,"[32.600487, -110.871572]",22655.0,1148.8,3.896,187,-1.3
5970,"[32.600346, -110.871902]",22689.8,1148.3,3.859,186,-1.4
5980,"[32.600203, -110.872263]",22727.2,1147.8,3.74,187,-1.5
5996,"[32.599961, -110.872857]",22789.0,1146.7,3.86,187,-2.2
6005,"[32.599828, -110.873185]",22823.2,1145.9,3.797,186,-2.3
6015,"[32.599683, -110.87355]",22861.1,1145.0,3.786,187,-2.6
6029,"[32.599474, -110.874074]",22915.4,1143.6,3.955,187,-2.6
6037,"[32.599351, -110.874371]",22946.4,1142.8,3.88,186,-2.5
6051,"[32.599136, -110.87489]",23000.8,1141.4,3.783,185,-2.7
6059,"[32.599014, -110.875193]",23032.2,1140.5,3.93,186,-2.8
6071,"[32.598835, -110.875635]",23078.2,1139.2,3.834,188,-2.7
6081,"[32.598692, -110.876024]",23118.1,1138.2,3.989,185,-2.6
6090,"[32.598565, -110.876358]",23152.5,1137.3,3.826,179,-2.6
6106,"[32.598324, -110.876946]",23213.9,1135.7,3.848,178,-2.5
6112,"[32.598227, -110.877168]",23237.3,1135.2,3.867,177,-2.4
6125,"[32.598028, -110.877661]",23288.6,1134.0,3.903,175,-1.9
6135,"[32.597881, -110.878025]",23326.4,1133.4,3.796,176,-1.6
6145,"[32.597721, -110.878405]",23366.3,1132.8,3.986,177,-1.5
6158,"[32.597521, -110.878883]",23416.3,1132.1,3.76,178,-1.3
6167,"[32.597382, -110.879207]",23450.5,1131.7,3.8,178,-1.2
6182,"[32.597159, -110.879753]",23507.4,1131.1,3.814,179,-1.1
6191,"[32.597019, -110.880095]",23543.1,1130.7,3.959,180,-1.1
6204,"[32.596825, -110.880577]",23593.2,1130.2,3.85,178,-0.7
6214,"[32.596673, -110.880942]",23631.3,1129.9,3.826,180,-0.9
6223,"[32.596548, -110.881281]",23666.0,1129.5,3.84,181,-1.0
6236,"[32.596332, -110.881764]",23717.3,1129.0,3.879,183,-1.0
6248,"[32.596156, -110.882204]",23762.9,1128.6,3.854,185,-1.0
6256,"[32.596042, -110.882501]",23793.6,1128.3,3.829,186,-1.0
6269,"[32.595848, -110.882985]",23843.8,1127.8,3.823,186,-1.1
6279,"[32.595695, -110.883361]",23883.0,1127.4,3.859,188,-1.4
6288,"[32.595556, -110.883703]",23918.6,1126.8,3.953,189,-1.8
6302,"[32.595346, -110.884223]",23972.8,1125.8,3.815,188,-2.1
6311,"[32.595211, -110.884563]",24008.0,1125.0,3.885,186,-2.2
6326,"[32.594981, -110.885102]",24064.6,1123.7,3.882,185,-2.5
6334,"[32.59486, -110.885392]",24094.9,1122.9,3.789,185,-2.7
6346,"[32.594667, -110.885853]",24143.2,1121.5,3.955,181,-3.1
6358,"[32.594478, -110.886296]",24189.7,1120.1,3.879,181,-3.1
6367,"[32.594335, -110.886632]",24225.0,1119.0,3.921,183,-3.3
6377,"[32.594166, -110.88699]",24263.5,1117.7,3.85,185,-3.2
6392,"[32.593923, -110.887515]",24319.7,1116.0,3.779,187,-3.0
6402,"[32.593744, -110.887868]",24358.4,1114.8,3.865,186,-3.1
6411,"[32.593581, -110.888191]",24393.7,1113.7,3.921,186,-2.8
6422,"[32.593389, -110.888575]",24435.5,1112.8,3.808,184,-2.2
6431,"[32.593233, -110.8889]",24470.6,1112.0,3.899,184,-1.8
6442,"[32.593035, -110.889292]",24513.4,1111.4,3.889,185,-1.4
6455,"[32.592799, -110.889745]",24563.4,1110.9,3.88,189,-0.8
6466,"[32.592602, -110.890124]",24605.2,1110.5,3.775,183,-0.2
6475,"[32.592437, -110.890444]",24640.3,1110.5,3.911,186,0.0
6486,"[32.592243, -110.890837]",24683.0,1110.5,3.877,188,-0.1
6498,"[32.592031, -110.891265]",24729.5,1110.4,3.874,188,-0.3
6512,"[32.591773, -110.891763]",24784.4,1110.2,3.934,187,-0.5
6521,"[32.591618, -110.892075]",24818.4,1110.0,3.775,184,-0.7
6531,"[32.591441, -110.892434]",24857.4,1109.7,3.905,183,-0.7
6545,"[32.591199, -110.89292]",24910.4,1109.4,3.861,185,-0.5
6553,"[32.591052, -110.893198]",24941.2,1109.2,3.845,184,-0.5
6568,"[32.590782, -110.893724]",24998.9,1108.9,3.808,186,-0.3
6576,"[32.590644, -110.894007]",25029.6,1108.9,3.834,186,-0.4
6588,"[32.590423, -110.894425]",25075.8,1108.6,3.852,184,-0.7
6598,"[32.590236, -110.89477]",25114.3,1108.3,3.847,183,-0.9
6610,"[32.590021, -110.895182]",25159.7,1107.8,3.787,184,-1.2
6619,"[32.589864, -110.895492]",25193.6,1107.3,3.766,184,-1.8
6629,"[32.589677, -110.895845]",25232.8,1106.5,3.916,181,-2.0
6643,"[32.589433, -110.896328]",25285.6,1105.4,3.754,181,-2.5
6655,"[32.589215, -110.896751]",25332.1,1104.2,3.893,180,-2.4
6668,"[32.588975, -110.897201]",25381.9,1103.1,3.715,183,-2.1
6677,"[32.588817, -110.897531]",25417.5,1102.3,3.95,185,-2.4
6689,"[32.588598, -110.897971]",25465.4,1101.2,3.903,182,-2.4
6698,"[32.588435, -110.898298]",25501.0,1100.3,4.007,180,-2.4
6709,"[32.588232, -110.898684]",25543.7,1099.3,3.885,179,-2.4
6718,"[32.588073, -110.899008]",25578.8,1098.4,3.9,180,-2.4
6728,"[32.587898, -110.899368]",25617.8,1097.5,3.901,181,-2.4
6743,"[32.587612, -110.899894]",25676.5,1096.1,3.871,180,-2.2
6755,"[32.587394, -110.900306]",25722.1,1095.1,3.803,180,-2.1
6763,"[32.587251, -110.900588]",25753.0,1094.5,3.859,180,-1.9
6773,"[32.587064, -110.900948]",25792.6,1093.9,3.943,182,-1.7
6783,"[32.586885, -110.9013]",25831.2,1093.2,3.838,187,-1.7
6798,"[32.586611, -110.901836]",25889.9,1092.3,3.948,185,-1.4
6806,"[32.586461, -110.902115]",25921.0,1091.9,3.879,181,-1.2
6819,"[32.586217, -110.902569]",25971.4,1091.3,3.88,180,-1.2
6829,"[32.586016, -110.90291]",26010.4,1090.8,3.901,179,-1.3
6837,"[32.585853, -110.903177]",26041.4,1090.4,3.869,177,-1.4
6853,"[32.585519, -110.903708]",26103.4,1089.5,3.809,180,-1.5
6861,"[32.585353, -110.903969]",26134.1,1089.0,3.831,179,-1.8
6875,"[32.58507, -110.904429]",26187.5,1087.9,3.78,184,-2.1
6884,"[32.584888, -110.904711]",26220.7,1087.2,3.701,185,-2.3
6893,"[32.584682, -110.905011]",26257.0,1086.4,4.031,184,-2.4
6908,"[32.584368, -110.905506]",26315.1,1084.9,3.84,179,-2.7
6916,"[32.584191, -110.905778]",26347.3,1084.0,4.034,177,-2.8
6926,"[32.58398, -110.906096]",26385.3,1082.9,3.801,178,-2.9
6938,"[32.583706, -110.906501]",26433.9,1081.5,4.02,178,-2.8
6949,"[32.583467, -110.906856]",26476.6,1080.3,3.878,177,-2.8
6958,"[32.583271, -110.90715]",26511.7,1079.3,3.821,178,-2.9
6973,"[32.582942, -110.907636]",26570.1,1077.6,3.855,178,-3.1
6981,"[32.582771, -110.907895]",26601.0,1076.7,3.856,177,-2.8
6991,"[32.582565, -110.908221]",26639.1,1075.7,3.652,176,-2.6
7001,"[32.582352, -110.908545]",26677.7,1074.8,3.856,176,-2.4
7016,"[32.582041, -110.909031]",26734.9,1073.4,3.854,170,-2.1
7024,"[32.581875, -110.909293]",26765.6,1072.8,3.84,167,-1.9
7036,"[32.581604, -110.909686]",26813.2,1071.9,3.884,175,-1.9
7048,"[32.581332, -110.910071]",26860.4,1071.1,3.786,175,-1.6
7058,"[32.581128, -110.910383]",26897.4,1070.5,3.729,176,-1.7
7071,"[32.580841, -110.910809]",26948.5,1069.7,4.009,177,-1.7
7081,"[32.58063, -110.911128]",26986.6,1069.0,3.806,177,-1.8
7091,"[32.580406, -110.91146]",27026.5,1068.4,3.96,176,-1.3
7105,"[32.580147, -110.911857]",27073.6,1067.6,3.126,176,-1.9
7113,"[32.579961, -110.91212]",27105.7,1067.0,4.014,176,-1.8
7127,"[32.579662, -110.912585]",27160.5,1066.0,3.97,176,-1.9
7136,"[32.579487, -110.912863]",27193.0,1065.4,3.615,178,-1.7
7147,"[32.579255, -110.913217]",27235.0,1064.8,3.832,179,-1.6
7160,"[32.578973, -110.913631]",27285.0,1063.9,3.873,180,-1.7
7169,"[32.578781, -110.913916]",27319.1,1063.3,3.791,177,-1.7
7181,"[32.578512, -110.914321]",27367.5,1062.5,3.959,178,-1.6
7192,"[32.578285, -110.914672]",27409.0,1061.9,3.775,178,-1.4
7206,"[32.578, -110.915149]",27463.8,1061.2,3.871,178,-1.4
7217,"[32.57776, -110.915504]",27506.4,1060.6,3.88,178,-1.5
7227,"[32.577562, -110.915837]",27544.7,1060.0,3.822,178,-1.4
7235,"[32.577382, -110.916094]",27576.1,1059.6,3.98,178,-1.6
7248,"[32.57711, -110.916521]",27626.3,1058.8,3.873,177,-1.4
7257,"[32.576909, -110.916815]",27661.7,1058.3,3.936,179,-1.4
7269,"[32.576659, -110.917205]",27707.7,1057.7,3.788,180,-1.5
7278,"[32.576471, -110.917493]",27741.8,1057.1,3.797,179,-1.6
7292,"[32.576157, -110.917935]",27796.0,1056.3,3.801,179,-1.6
7303,"[32.575901, -110.918275]",27838.7,1055.6,3.877,179,-1.7
7315,"[32.575625, -110.918627]",27883.8,1054.8,3.76,180,-1.7
7325,"[32.57537, -110.918929]",27923.8,1054.1,4.022,183,-1.9
7337,"[32.575081, -110.919272]",27969.3,1053.3,3.837,181,-1.6
7349,"[32.574773, -110.919606]",28015.7,1052.6,3.865,179,-1.6
7355,"[32.574619, -110.919769]",28038.6,1052.2,3.864,178,-1.7
7366,"[32.574328, -110.920066]",28081.2,1051.5,3.873,179,-1.6
7379,"[32.573975, -110.920396]",28131.2,1050.7,3.829,178,-1.7
7390,"[32.573681, -110.920671]",28172.8,1049.9,3.742,172,-1.8
7404,"[32.573284, -110.921005]",28226.8,1049.0,3.858,176,-1.5
7410,"[32.573113, -110.921143]",28249.8,1048.7,3.841,179,-1.7
7421,"[32.572796, -110.921391]",28292.0,1047.9,3.829,179,-2.0
7436,"[32.572362, -110.92173]",28349.7,1046.7,3.846,180,-2.2
7445,"[32.572096, -110.92193]",28384.7,1045.9,3.896,179,-2.2
7458,"[32.571725, -110.922224]",28434.2,1044.8,3.806,180,-2.6
7468,"[32.571431, -110.922455]",28473.3,1043.7,3.918,180,-2.6
7477,"[32.57117, -110.922647]",28507.5,1042.9,3.796,178,-2.4
7493,"[32.570714, -110.923]",28568.0,1041.4,3.759,179,-2.5
7501,"[32.570484, -110.923168]",28598.0,1040.7,3.749,178,-2.5
7513,"[32.570133, -110.92343]",28644.0,1039.5,3.836,177,-2.5
7523,"[32.569846, -110.923662]",28682.6,1038.6,3.854,177,-2.4
7534,"[32.56951, -110.923906]",28726.4,1037.5,4.016,178,-2.4
7547,"[32.569136, -110.924192]",28775.8,1036.5,3.734,180,-1.6
7558,"[32.568818, -110.924444]",28818.3,1035.9,3.862,180,-1.4
7568,"[32.568533, -110.924672]",28856.5,1035.4,3.823,181,-1.2
7579,"[32.568219, -110.924919]",28898.4,1035.0,3.787,179,-0.7
7589,"[32.567931, -110.925134]",28936.2,1034.8,3.783,179,-0.6
7604,"[32.567498, -110.925459]",28993.1,1034.5,3.742,179,-0.3
7612,"[32.567266, -110.925622]",29023.1,1034.5,3.741,179,-0.2
7623,"[32.566949, -110.925865]",29064.9,1034.4,3.847,179,-0.3
7634,"[32.566628, -110.926105]",29107.1,1034.3,3.828,182,-0.1
7649,"[32.566208, -110.926439]",29163.2,1034.3,3.697,182,-0.2
7657,"[32.565985, -110.926613]",29192.8,1034.2,3.708,182,-0.3
7668,"[32.565656, -110.926841]",29235.1,1034.1,3.81,180,-0.3
7680,"[32.565314, -110.927124]",29281.4,1034.0,3.859,179,-0.4
7689,"[32.56505, -110.927326]",29316.2,1033.8,3.87,181,-0.8
7704,"[32.564624, -110.927662]",29373.1,1033.3,3.758,183,-1.2
7713,"[32.564365, -110.927869]",29407.8,1032.8,3.847,183,-1.7
7727,"[32.563956, -110.928182]",29461.8,1031.8,3.86,183,-2.2
7736,"[32.563696, -110.928376]",29495.9,1031.0,3.792,183,-2.3
7744,"[32.56346, -110.92856]",29527.3,1030.3,3.921,183,-2.4
7757,"[32.563079, -110.928856]",29577.9,1029.0,3.878,182,-2.4
7767,"[32.56279, -110.92908]",29616.2,1028.1,3.831,180,-2.3
7777,"[32.562489, -110.929308]",29655.9,1027.2,3.97,181,-2.3
7792,"[32.562051, -110.929637]",29713.5,1025.8,3.851,180,-2.4
7800,"[32.561815, -110.929818]",29744.7,1025.1,3.924,174,-2.3
7813,"[32.5614, -110.930093]",29797.4,1024.0,4.075,178,-2.3
7824,"[32.561065, -110.930299]",29839.3,1023.0,3.807,179,-2.4
7834,"[32.560766, -110.930495]",29877.3,1022.1,3.798,179,-2.3
7845,"[32.560435, -110.930701]",29918.8,1021.1,3.735,178,-2.5
7855,"[32.560129, -110.930903]",29957.7,1020.1,3.889,180,-2.7
7867,"[32.559766, -110.931136]",30003.5,1018.8,3.823,179,-2.8
7876,"[32.5595, -110.931338]",30038.6,1017.8,3.896,179,-2.8
7887,"[32.559172, -110.931584]",30081.7,1016.6,3.916,180,-2.8
7897,"[32.558874, -110.931813]",30121.1,1015.5,3.942,179,-2.8
7911,"[32.558456, -110.932131]",30176.3,1013.9,3.95,181,-2.7
7923,"[32.558092, -110.932374]",30222.7,1012.7,3.864,180,-2.5
7933,"[32.557777, -110.932533]",30260.7,1011.8,3.791,181,-2.2
7943,"[32.557445, -110.932685]",30300.2,1011.0,3.945,180,-2.0
7957,"[32.556982, -110.932845]",30353.8,1010.1,3.801,179,-1.3
7965,"[32.556713, -110.932894]",30383.9,1009.7,3.769,179,-1.3
7976,"[32.556317, -110.932905]",30427.9,1009.1,3.995,179,-1.2
7988,"[32.555897, -110.932893]",30474.5,1008.6,3.967,178,-0.9
7996,"[32.555632, -110.932859]",30504.0,1008.4,3.686,179,-0.9
8010,"[32.555164, -110.932766]",30556.6,1008.0,3.827,182,-0.3
8019,"[32.554855, -110.932703]",30591.3,1007.9,3.86,183,-0.3
8033,"[32.554417, -110.932544]",30642.2,1007.8,3.558,183,-0.2
8045,"[32.554073, -110.932349]",30684.7,1007.8,3.613,184,-0.2
8056,"[32.553742, -110.932142]",30726.2,1007.7,3.781,186,-0.3
8065,"[32.553471, -110.931964]",30760.6,1007.6,3.831,182,-0.2
8079,"[32.553051, -110.931693]",30813.7,1007.5,3.893,183,-0.3
8089,"[32.552758, -110.931502]",30850.9,1007.4,3.719,186,-0.4
8100,"[32.552431, -110.931311]",30891.4,1007.1,3.688,187,-0.7
8114,"[32.551987, -110.931106]",30944.3,1006.7,3.73,183,-0.9
8126,"[32.551592, -110.930973]",30989.8,1006.3,3.796,183,-0.9
8134,"[32.551316, -110.93091]",31021.0,1006.0,3.894,182,-1.1
8147,"[32.550886, -110.930841]",31069.2,1005.4,3.715,184,-1.4
8160,"[32.550436, -110.930793]",31119.3,1004.6,3.939,186,-1.7
8170,"[32.550098, -110.930783]",31156.9,1004.0,3.76,184,-1.3
8180,"[32.549749, -110.930783]",31195.6,1003.6,3.971,188,-0.8
8188,"[32.54948, -110.930784]",31225.4,1003.4,3.725,186,-0.5
8202,"[32.549009, -110.930784]",31277.7,1003.2,3.734,185,-0.2
8214,"[32.548592, -110.93076]",31324.1,1003.2,3.826,186,0.1
8223,"[32.548285, -110.93076]",31358.0,1003.3,3.774,186,0.3
8233,"[32.54794, -110.930755]",31396.4,1003.4,3.834,185,0.4
8248,"[32.547434, -110.93076]",31452.5,1003.7,3.669,183,0.4
8258,"[32.547092, -110.930754]",31490.4,1003.8,3.777,189,0.1
8270,"[32.546684, -110.930771]",31535.7,1003.9,3.778,189,0.1
8280,"[32.546333, -110.930753]",31574.6,1003.9,3.982,184,0.2
8294,"[32.545868, -110.930747]",31626.3,1004.1,3.821,186,0.2
8302,"[32.545587, -110.930749]",31657.4,1004.1,3.895,185,0.0
8315,"[32.545143, -110.930748]",31706.6,1004.1,3.881,187,-0.1
8323,"[32.544868, -110.930751]",31737.1,1004.0,3.811,187,-0.3
8337,"[32.54438, -110.930768]",31791.3,1003.8,4.091,187,-0.8
8347,"[32.544041, -110.930749]",31829.0,1003.5,3.854,186,-1.0
8356,"[32.543725, -110.930751]",31863.9,1003.1,3.887,188,-1.4
8370,"[32.543246, -110.930745]",31917.2,1002.2,3.775,188,-1.6
8379,"[32.54292, -110.930761]",31953.3,1001.6,4.046,187,-2.0
8388,"[32.542597, -110.930758]",31989.2,1000.8,3.993,184,-2.1
8402,"[32.542112, -110.930754]",32043.0,999.7,3.76,188,-1.6
8411,"[32.541802, -110.930748]",32077.4,999.3,3.827,187,-1.5
8425,"[32.541319, -110.930752]",32131.0,998.3,3.701,185,-1.9
8437,"[32.540897, -110.930736]",32177.8,997.4,3.869,186,-1.9
8446,"[32.540593, -110.930728]",32211.5,996.7,3.748,187,-1.8
8457,"[32.540214, -110.930737]",32253.6,996.0,3.848,186,-1.8
8467,"[32.539878, -110.930726]",32290.8,995.3,3.729,187,-1.7
8482,"[32.539356, -110.930732]",32348.8,994.5,3.821,182,-1.4
8492,"[32.539017, -110.930734]",32386.4,994.0,3.84,181,-1.4
8500,"[32.538734, -110.930722]",32417.8,993.5,3.927,183,-1.3
8514,"[32.538252, -110.930718]",32471.2,992.9,3.934,186,-1.2
8524,"[32.537913, -110.930697]",32508.9,992.4,3.777,185,-1.4
8538,"[32.537421, -110.930658]",32563.6,991.7,4.099,185,-1.4
8547,"[32.53712, -110.930649]",32597.0,991.3,3.711,184,-1.3
8557,"[32.536782, -110.930601]",32634.8,990.8,3.856,183,-1.2
8571,"[32.536316, -110.930547]",32686.8,990.3,3.701,184,-0.9
8582,"[32.535931, -110.930485]",32729.8,989.9,3.934,182,-0.6
8589,"[32.535681, -110.930443]",32757.9,989.8,4.011,182,-0.3
8603,"[32.535206, -110.930346]",32811.3,989.6,3.986,183,-0.2
8614,"[32.534848, -110.93026]",32851.9,989.6,3.774,184,0.0
8627,"[32.534405, -110.930162]",32902.0,989.6,3.863,187,0.0
8636,"[32.534102, -110.930104]",32935.9,989.6,3.775,187,-0.2
8646,"[32.533777, -110.930036]",32972.5,989.4,3.735,183,-0.6
8660,"[32.533315, -110.929946]",33024.4,989.1,3.608,178,-0.7
8669,"[32.533023, -110.929891]",33057.3,988.8,3.655,176,-1.0
8681,"[32.532604, -110.929803]",33104.5,988.2,3.855,177,-1.1
8695,"[32.532139, -110.9297]",33157.0,987.6,3.885,177,-1.4
8704,"[32.531834, -110.929633]",33191.4,987.1,3.821,179,-1.4
8716,"[32.531434, -110.929549]",33236.4,986.5,3.76,181,-1.3
8724,"[32.531169, -110.929502]",33266.2,986.1,3.723,185,-1.4
8737,"[32.530736, -110.929396]",33315.2,985.5,3.887,185,-1.3
8751,"[32.530282, -110.929295]",33366.5,984.7,3.645,184,-1.4
8760,"[32.52999, -110.929234]",33399.3,984.3,3.652,182,-1.3
8775,"[32.529497, -110.92913]",33454.8,983.5,3.599,184,-1.1
8785,"[32.529159, -110.929064]",33492.8,983.2,3.797,182,-0.8
8795,"[32.528833, -110.928987]",33529.7,982.9,3.693,181,-0.7
8807,"[32.52843, -110.928906]",33575.0,982.8,3.651,182,-0.3
8816,"[32.528142, -110.928844]",33607.5,982.7,3.613,182,-0.3
8830,"[32.52766, -110.928753]",33661.6,982.6,3.825,182,0.0
8840,"[32.527356, -110.9287]",33695.8,982.6,3.418,180,-0.1
8855,"[32.526869, -110.928596]",33750.6,982.4,3.693,181,-0.4
8866,"[32.526523, -110.928524]",33789.6,982.2,3.543,183,-0.7
8877,"[32.526172, -110.928445]",33829.3,981.8,3.618,184,-1.1
8891,"[32.525707, -110.928348]",33881.6,981.1,3.692,184,-1.5
8899,"[32.525447, -110.928283]",33911.1,980.6,3.684,186,-1.4
8915,"[32.52498, -110.928167]",33964.1,979.9,3.264,182,-1.5
8925,"[32.524649, -110.928084]",34001.6,979.4,3.755,179,-0.7
8936,"[32.524277, -110.927999]",34043.7,979.2,3.826,177,-0.3
8945,"[32.523969, -110.927915]",34078.8,979.2,3.9,174,-0.4
8957,"[32.523565, -110.927833]",34124.3,978.8,3.864,177,-1.2
8970,"[32.523144, -110.927755]",34171.5,978.3,3.658,182,-0.5
8980,"[32.522818, -110.92769]",34208.2,978.3,3.667,182,-0.5
8994,"[32.522359, -110.927626]",34259.4,978.0,3.578,183,-0.4
9004,"[32.522013, -110.927549]",34298.4,977.8,3.903,182,-0.3
9014,"[32.521679, -110.92747]",34336.2,977.7,3.79,185,-0.5
9029,"[32.521197, -110.927376]",34390.5,977.6,3.565,186,-0.3
9037,"[32.520941, -110.927315]",34419.5,977.5,3.632,186,-0.3
9051,"[32.520505, -110.927231]",34468.5,977.2,3.464,180,-0.4
9059,"[32.520236, -110.927156]",34499.2,977.1,3.831,180,-0.6
9074,"[32.519732, -110.927058]",34555.8,976.6,3.803,184,-0.9
9085,"[32.519367, -110.926985]",34596.9,976.2,3.743,183,-1.1
9093,"[32.519105, -110.926921]",34626.6,975.8,3.71,185,-1.6
9108,"[32.518606, -110.92679]",34683.2,974.8,3.833,185,-1.9
9118,"[32.518268, -110.926726]",34721.2,974.0,3.915,185,-2.1
9132,"[32.517797, -110.926607]",34774.6,972.9,3.79,184,-2.3
9140,"[32.517526, -110.926545]",34805.2,972.2,3.831,185,-2.5
9152,"[32.51713, -110.926439]",34850.3,971.1,3.753,186,-2.3
9161,"[32.516821, -110.926368]",34885.2,970.3,3.882,183,-2.2
9176,"[32.516318, -110.92624]",34942.3,969.1,3.822,183,-2.2
9186,"[32.515975, -110.926143]",34981.4,968.2,3.908,182,-2.1
9196,"[32.515636, -110.92606]",35019.8,967.5,3.837,183,-1.6
9206,"[32.515304, -110.925988]",35057.3,967.0,3.752,184,-1.0
9217,"[32.514936, -110.925877]",35099.4,966.8,3.8,183,-0.4
9230,"[32.514523, -110.925769]",35146.3,966.7,3.54,184,0.0
9241,"[32.514165, -110.925709]",35186.5,966.7,3.639,185,0.0
9255,"[32.513692, -110.925618]",35239.6,966.8,3.608,184,0.4
9265,"[32.51338, -110.925603]",35274.4,966.9,3.451,185,-0.1
9276,"[32.513022, -110.925532]",35314.7,966.7,3.662,184,-0.4
9291,"[32.512547, -110.925495]",35367.6,966.4,3.502,186,-0.8
9300,"[32.512312, -110.925491]",35393.5,966.2,2.766,184,-0.8
9314,"[32.511847, -110.925525]",35445.3,965.9,3.675,184,-0.3
9323,"[32.511554, -110.925542]",35477.8,966.0,3.638,185,-0.3
9337,"[32.511079, -110.92553]",35530.6,965.4,3.677,189,-1.3
9347,"[32.510727, -110.925558]",35569.9,964.9,3.925,190,-1.3
9358,"[32.510372, -110.925566]",35609.2,964.4,3.63,188,-1.2
9370,"[32.509967, -110.925588]",35654.2,963.9,3.747,190,-1.0
9379,"[32.509659, -110.925615]",35688.5,963.6,3.809,190,-0.9
9393,"[32.509181, -110.925624]",35741.5,963.0,3.798,187,-1.0
9404,"[32.508817, -110.925635]",35782.0,962.6,3.677,186,-1.1
9418,"[32.508342, -110.925653]",35834.7,962.0,3.763,184,-1.1
9427,"[32.50805, -110.925685]",35867.2,961.7,3.611,185,-1.1
9436,"[32.507745, -110.925681]",35901.0,961.3,3.759,187,-0.8
9451,"[32.507229, -110.925697]",35958.4,961.0,3.847,187,-0.8
9459,"[32.506958, -110.925698]",35988.5,960.7,3.759,186,-1.2
9475,"[32.506414, -110.925717]",36048.9,959.9,3.866,185,-1.2
9484,"[32.506106, -110.925731]",36083.0,959.5,3.792,188,-1.1
9494,"[32.505787, -110.92574]",36118.4,959.1,3.606,187,-1.2
9508,"[32.505328, -110.925753]",36169.4,958.5,3.752,187,-1.0
9517,"[32.505036, -110.925764]",36201.8,958.2,3.601,187,-1.0
9530,"[32.504615, -110.925779]",36248.5,957.8,3.637,187,-1.0
9544,"[32.504161, -110.925801]",36298.9,957.4,3.551,189,-0.6
9554,"[32.50383, -110.925808]",36335.7,957.2,3.673,186,-0.6
9567,"[32.503422, -110.925817]",36380.8,956.9,3.524,186,-0.7
9580,"[32.502991, -110.925838]",36428.7,956.6,3.65,185,-0.5
9590,"[32.502662, -110.92585]",36465.2,956.4,3.644,184,-0.6
9600,"[32.502327, -110.925861]",36502.3,956.2,3.907,190,-0.7
9614,"[32.501855, -110.925886]",36554.8,955.8,3.694,185,-0.8
9623,"[32.501555, -110.925892]",36588.1,955.5,3.696,188,-0.9
9634,"[32.501187, -110.925911]",36629.0,955.1,3.749,187,-0.9
9648,"[32.500718, -110.925937]",36681.0,954.6,3.603,188,-1.0
9659,"[32.500361, -110.92595]",36720.7,954.2,3.605,187,-1.0
9670,"[32.499993, -110.925972]",36761.6,953.7,3.64,187,-1.1
9684,"[32.499528, -110.925991]",36813.2,953.1,3.741,186,-1.5
9692,"[32.499258, -110.925984]",36843.2,952.6,3.752,186,-1.7
9702,"[32.498919, -110.925978]",36880.8,952.0,3.745,186,-1.2
9715,"[32.498472, -110.925962]",36930.5,951.4,3.82,183,-1.1
9726,"[32.498111, -110.925934]",36970.5,951.0,3.757,183,-1.0
9739,"[32.49769, -110.925904]",37017.4,950.4,3.685,186,-1.0
9751,"[32.497303, -110.925866]",37060.4,950.0,3.613,186,-1.0
9759,"[32.497036, -110.925855]",37090.1,949.7,3.703,185,-1.0
9773,"[32.496578, -110.925806]",37141.1,949.1,3.699,187,-1.0
9785,"[32.496181, -110.925767]",37185.3,948.6,3.775,187,-1.2
9799,"[32.495724, -110.9257]",37236.4,948.0,3.679,190,-1.2
9811,"[32.495319, -110.925649]",37281.5,947.5,3.699,185,-1.2
9819,"[32.495065, -110.925611]",37309.9,947.2,3.543,187,-1.1
9834,"[32.494577, -110.925531]",37364.6,946.5,3.667,187,-1.1
9842,"[32.494317, -110.925472]",37394.0,946.2,3.671,187,-1.2
9856,"[32.493875, -110.925389]",37443.7,945.5,3.666,189,-1.3
9867,"[32.493524, -110.925307]",37483.3,945.0,3.604,188,-1.3
9878,"[32.493167, -110.925227]",37523.6,944.4,3.707,187,-1.5
9892,"[32.492719, -110.925098]",37574.8,943.7,3.711,186,-1.4
9901,"[32.492433, -110.925017]",37607.4,943.2,3.629,185,-1.5
9915,"[32.491974, -110.924897]",37659.6,942.4,3.756,188,-1.6
9922,"[32.491753, -110.924818]",37685.1,942.0,3.648,189,-1.5
9939,"[32.491223, -110.924645]",37746.2,941.1,3.563,189,-1.6
9949,"[32.490907, -110.924553]",37782.3,940.5,3.607,185,-1.6
9959,"[32.490595, -110.924445]",37818.3,939.9,3.645,181,-1.7
9973,"[32.490167, -110.924301]",37867.8,939.0,3.546,186,-1.9
9982,"[32.489879, -110.9242]",37901.1,938.5,3.699,186,-1.8
9996,"[32.489437, -110.924053]",37952.0,937.4,3.578,187,-2.1
10007,"[32.489083, -110.923932]",37992.9,936.5,3.708,186,-2.3
10016,"[32.488812, -110.923828]",38024.5,935.8,3.52,186,-2.3
10030,"[32.488372, -110.923673]",38075.4,934.6,3.59,183,-2.5
10044,"[32.487933, -110.923525]",38126.0,933.3,3.655,182,-2.7
10053,"[32.487644, -110.923432]",38159.3,932.3,3.696,183,-3.0
10064,"[32.487303, -110.923304]",38198.9,931.1,3.604,182,-2.9
10078,"[32.486865, -110.923162]",38249.4,929.6,3.586,182,-3.1
10088,"[32.486553, -110.923052]",38285.5,928.5,3.608,178,-2.7
10102,"[32.486102, -110.922878]",38338.1,927.3,3.743,180,-1.6
10111,"[32.485827, -110.922775]",38370.1,926.9,3.556,180,-1.0
10124,"[32.485433, -110.922636]",38415.8,926.6,3.462,183,0.0
10134,"[32.485129, -110.922528]",38451.0,926.7,3.523,183,0.3
10150,"[32.484654, -110.922346]",38506.4,927.0,3.457,185,0.7
10162,"[32.484493, -110.922037]",38546.9,927.4,3.345,186,1.5
10176,"[32.484636, -110.92155]",38595.5,928.6,3.341,185,3.2
10185,"[32.484749, -110.92127]",38625.0,929.6,3.278,186,3.0
10201,"[32.484696, -110.920824]",38677.6,931.2,3.259,185,3.2
10210,"[32.484507, -110.920594]",38707.8,932.1,3.352,186,1.6
10225,"[32.484213, -110.920179]",38758.8,932.5,3.391,183,0.7
10239,"[32.483897, -110.919858]",38805.8,932.9,3.285,184,1.0
10248,"[32.483639, -110.91977]",38835.6,933.1,3.365,184,0.4
10263,"[32.483207, -110.919583]",38886.9,933.1,3.413,186,0.6
10274,"[32.482886, -110.919499]",38923.6,933.7,3.297,186,3.5
10291,"[32.482382, -110.91951]",38979.5,936.3,3.217,184,4.5
10302,"[32.482061, -110.919497]",39015.1,937.6,3.24,184,1.1
10314,"[32.481782, -110.919272]",39057.3,936.5,3.451,186,-2.1
10323,"[32.481739, -110.91894]",39088.9,936.2,3.512,186,0.0
10337,"[32.48173, -110.918412]",39138.5,936.9,3.531,187,1.6
10349,"[32.481734, -110.91796]",39181.0,937.4,3.577,183,1.4
10363,"[32.481741, -110.917458]",39228.3,938.1,3.34,183,1.5
10377,"[32.481741, -110.916941]",39276.9,938.8,3.325,184,1.3
10388,"[32.481748, -110.916542]",39314.4,939.1,3.415,186,0.3
10397,"[32.48175, -110.916223]",39344.4,939.0,3.333,187,-1.0
10414,"[32.481735, -110.915578]",39405.1,938.0,3.597,186,-1.9
10426,"[32.481741, -110.915113]",39448.9,937.2,3.651,184,-1.7
10434,"[32.481757, -110.914823]",39476.3,936.8,3.42,185,-1.4
10449,"[32.481959, -110.914401]",39527.8,936.2,3.288,184,0.3
10460,"[32.482304, -110.914396]",39566.1,936.6,3.484,182,1.1
10471,"[32.482631, -110.914348]",39602.7,937.0,3.327,183,0.9
10487,"[32.483115, -110.91434]",39656.3,937.3,3.37,183,0.7
10498,"[32.483461, -110.914351]",39694.8,937.6,3.495,184,0.8
10509,"[32.483789, -110.91435]",39731.2,937.9,3.313,184,0.9
10521,"[32.484154, -110.914354]",39771.7,938.3,3.372,183,1.2
10535,"[32.484584, -110.914349]",39819.4,939.0,3.419,183,1.5
10550,"[32.485028, -110.914364]",39868.7,939.8,3.276,185,1.9
10559,"[32.485312, -110.914355]",39900.2,940.4,3.496,184,1.9
10574,"[32.485763, -110.914366]",39950.3,941.4,3.281,184,2.9
10583,"[32.48603, -110.914375]",39979.8,942.4,3.285,180,3.3
10603,"[32.486597, -110.914365]",40042.8,944.6,3.167,186,3.9
10612,"[32.486861, -110.91437]",40072.0,945.8,3.249,184,3.8
10626,"[32.487251, -110.914348]",40115.3,946.7,3.091,184,1.4
10642,"[32.487711, -110.914336]",40166.3,946.8,3.202,185,-0.4
10655,"[32.488101, -110.914352]",40209.6,946.5,3.333,186,-0.7
10665,"[32.488414, -110.914336]",40244.4,946.2,3.5,184,-0.9
10680,"[32.488902, -110.91434]",40298.5,946.0,3.485,183,0.9
10687,"[32.48906, -110.914216]",40322.6,946.3,3.53,184,-1.2
10701,"[32.489069, -110.913653]",40375.6,945.4,3.641,179,-1.0
10710,"[32.489071, -110.913306]",40408.2,945.3,3.62,182,-0.1
10723,"[32.489087, -110.912799]",40455.9,945.3,3.583,184,0.0
10738,"[32.489075, -110.912236]",40508.9,945.2,3.444,183,0.2
10746,"[32.489082, -110.911932]",40537.5,945.3,3.574,181,0.5
10761,"[32.489088, -110.911351]",40592.1,945.8,3.564,186,1.0
10770,"[32.489083, -110.911013]",40623.8,946.1,3.526,187,0.8
10780,"[32.489071, -110.910626]",40660.4,946.1,3.642,185,-0.2
10795,"[32.489068, -110.91004]",40715.4,946.3,3.644,185,0.6
10805,"[32.489083, -110.909658]",40751.4,946.5,3.601,184,0.5
10819,"[32.489075, -110.909131]",40801.0,946.7,3.571,184,0.3
10830,"[32.489077, -110.908727]",40839.0,946.8,3.453,186,0.2
10840,"[32.489074, -110.908352]",40874.2,946.8,3.439,183,-0.4
10855,"[32.489075, -110.907793]",40926.9,946.4,3.416,182,0.0
10864,"[32.489057, -110.907441]",40960.1,946.6,3.694,187,0.6
10880,"[32.489066, -110.906856]",41015.1,947.0,3.502,188,0.7
10889,"[32.48907, -110.906519]",41046.8,947.3,3.532,186,0.8
10904,"[32.489, -110.905978]",41099.7,947.8,3.503,185,0.4
10916,"[32.488617, -110.905937]",41143.0,947.7,3.667,185,-0.4
10926,"[32.488294, -110.905944]",41178.8,947.5,3.579,184,-0.6
10939,"[32.487882, -110.905947]",41224.5,947.2,3.444,181,-0.7
10953,"[32.487446, -110.905933]",41272.9,946.8,3.574,184,-0.9
10964,"[32.487076, -110.905929]",41314.0,946.4,3.731,184,-1.0
10975,"[32.486723, -110.905929]",41353.2,946.0,3.566,186,-1.0
10985,"[32.4864, -110.90594]",41389.1,945.6,3.489,185,-1.2
11000,"[32.485914, -110.905935]",41443.0,945.0,3.643,185,-1.2
11011,"[32.485534, -110.905938]",41485.1,944.5,3.685,185,-1.3
11021,"[32.485212, -110.90593]",41520.9,944.0,3.574,185,-1.2
11030,"[32.484916, -110.905927]",41553.7,943.7,3.653,183,-1.1
11044,"[32.484444, -110.905913]",41606.1,943.1,3.759,187,-1.1
11057,"[32.484013, -110.905911]",41654.0,942.4,3.541,182,-1.4
11064,"[32.483785, -110.905919]",41679.2,942.1,3.607,184,-1.0
11080,"[32.483245, -110.905936]",41739.1,941.5,3.65,179,-1.3
11088,"[32.482974, -110.905931]",41769.2,941.1,3.758,180,-1.3
11098,"[32.482635, -110.905922]",41806.8,940.6,3.755,177,-1.1
11114,"[32.48209, -110.905925]",41867.3,939.7,3.747,176,-1.8
11124,"[32.481745, -110.905937]",41905.9,938.9,3.943,176,-1.7
11134,"[32.48167, -110.906293]",41943.0,939.0,3.733,180,0.4
11143,"[32.481694, -110.906657]",41977.4,939.0,3.82,184,0.0
11158,"[32.48171, -110.90725]",42033.2,938.9,3.783,184,-0.3
11172,"[32.481697, -110.907779]",42082.9,938.8,3.636,183,-0.3
11182,"[32.481702, -110.908151]",42117.8,938.7,3.498,185,-0.3
11192,"[32.481707, -110.908524]",42152.9,938.5,3.478,185,-0.5
11207,"[32.481706, -110.909099]",42207.1,938.3,3.582,186,-0.4
11217,"[32.481709, -110.909481]",42243.0,938.1,3.592,186,-0.6
11231,"[32.481698, -110.909987]",42290.6,937.8,3.403,186,-1.1
11241,"[32.481702, -110.910378]",42327.4,937.3,3.674,188,0.0
11251,"[32.481888, -110.910617]",42363.7,937.8,3.636,190,1.6
11265,"[32.482381, -110.910557]",42418.9,938.8,3.86,189,1.5
11275,"[32.482707, -110.910524]",42455.2,939.3,3.585,186,1.4
